crash_severity,collision_type,weather,light,road_surface,traffic_control,city,year,fatality,injury,id,Geometry
A-Injury,Turning,Clear,Daylight,Dry,No Controls,Urbana,2006,0,1,959,POINT (-88.2199089995172 40.127409050185)
A-Injury,Sideswipe Opposite Direction,Other,Daylight,Dry,No Controls,Unincorporated,2006,0,1,960,POINT (-88.2047981290484 40.1274275193502)
A-Injury,Turning,Rain,"Darkness, lighted road",Wet,Traffic Signal,Champaign,2006,0,1,961,POINT (-88.2579854468787 40.1407616403136)
A-Injury,Overturned,Clear,"Darkness, lighted road",Dry,No Controls,Champaign,2006,0,1,962,POINT (-88.2469463647787 40.1373262722871)
A-Injury,Angle,Clear,"Darkness, lighted road",Dry,Traffic Signal,Champaign,2006,0,1,963,POINT (-88.2507303644678 40.1372703073071)
A-Injury,Fixed object,Clear,Daylight,Dry,Traffic Signal,Urbana,2006,0,1,964,POINT (-88.1908238463913 40.1420521271967)
A-Injury,Angle,Clear,Daylight,Dry,Traffic Signal,Champaign,2006,0,2,965,POINT (-88.2451481925981 40.1125912927579)
A-Injury,Angle,Clear,Daylight,Dry,Stop Sign/Flasher,Champaign,2006,0,1,966,POINT (-88.2320782430352 40.1126322160418)
A-Injury,Turning,Rain,Daylight,Wet,Traffic Signal,Champaign,2006,0,2,967,POINT (-88.2767806370244 40.1128526455)
A-Injury,Turning,Rain,Daylight,Dry,Traffic Signal,Champaign,2006,0,1,968,POINT (-88.2785679336948 40.1128594791225)
A-Injury,Turning,Clear,Darkness,Dry,Stop Sign/Flasher,Champaign,2006,0,1,969,POINT (-88.2320797292275 40.1126296100362)
A-Injury,Sideswipe Same Direction,Clear,"Darkness, lighted road",Dry,Traffic Signal,Champaign,2006,0,1,970,POINT (-88.2578216280812 40.1126417294741)
A-Injury,Angle,Clear,Daylight,Dry,Lane Use Marking,Champaign,2006,0,1,971,POINT (-88.2335496280034 40.1126501412792)
A-Injury,Pedestrian,Clear,Darkness,Dry,Lane Use Marking,Champaign,2006,0,1,972,POINT (-88.2869533772499 40.1129274595469)
A-Injury,Rear end,Clear,Daylight,Dry,No Controls,Champaign,2006,0,2,973,POINT (-88.2862363063955 40.1129227760869)
A-Injury,Turning,Clear,Daylight,Dry,Other reg. sign,Champaign,1999,0,3,426,POINT (-88.2921064117282 40.1531961033285)
A-Injury,Pedalcyclist,Clear,Daylight,Dry,No Controls,Rantoul,1999,0,2,427,POINT (-88.1452701202184 40.30902239458)
A-Injury,Turning,Clear,Daylight,Dry,No Controls,Urbana,2006,0,1,988,POINT (-88.190627 40.139248)
A-Injury,Rear end,Rain,"Darkness, lighted road",Wet,Traffic Signal,Champaign,2006,0,2,974,POINT (-88.2828415578274 40.1128811265044)
A-Injury,Rear end,Snow,Daylight,Ice,No Controls,Unincorporated,2000,0,5,286,POINT (-88.1824994383574 40.2114292354166)
A-Injury,Angle,Clear,Dawn,Dry,Stop Sign/Flasher,Unincorporated,2000,0,3,287,POINT (-88.288965715176 40.3112248396648)
A-Injury,Pedalcyclist,Clear,Daylight,Dry,No Controls,Champaign,2006,0,1,975,POINT (-88.2352592343825 40.1102728847203)
A-Injury,Pedalcyclist,Other,Daylight,Dry,No Controls,Champaign,2006,0,2,978,POINT (-88.2306496483993 40.1091355036389)
A-Injury,Angle,Clear,Daylight,Dry,Stop Sign/Flasher,Champaign,2006,0,1,979,POINT (-88.2578012710219 40.1090507795214)
A-Injury,Turning,Clear,Daylight,Dry,Stop Sign/Flasher,Champaign,2006,0,1,980,POINT (-88.257802750456 40.1081214504172)
A-Injury,Angle,Clear,Daylight,Dry,No Controls,Urbana,2006,0,1,981,POINT (-88.189007468337 40.1056698153237)
A-Injury,Fixed object,Unknown,Darkness,Unknown,Traffic Signal,Champaign,2006,0,1,982,POINT (-88.230289519002 40.1041703611113)
A-Injury,Turning,Clear,Daylight,Dry,No Controls,Champaign,2006,0,1,983,POINT (-88.2626381089474 40.0981616618627)
A-Injury,Rear end,Rain,Daylight,Wet,No Controls,Urbana,2006,0,1,984,POINT (-88.2228172899072 40.0981571596335)
A-Injury,Parked Motor Vehicle,Clear,Darkness,Dry,No Controls,Unincorporated,2006,0,1,985,POINT (-88.2686411152908 40.0868429364233)
A-Injury,Turning,Clear,Daylight,Dry,Traffic Signal,Champaign,2006,0,1,986,POINT (-88.2951588165696 40.0839594390785)
A-Injury,Fixed object,Clear,Daylight,Dry,No Controls,Champaign,2006,0,1,987,POINT (-88.3315199486487 40.0841693596543)
A-Injury,Animal,Clear,Darkness,Dry,Lane Use Marking,Unincorporated,2007,0,2,989,POINT (-88.394138991134 40.2699198355361)
A-Injury,Overturned,Clear,Daylight,Dry,Lane Use Marking,Unincorporated,2007,0,1,990,POINT (-88.303418238142 40.0438505869783)
A-Injury,Overturned,Clear,Daylight,Dry,No Controls,Unincorporated,2007,0,1,991,POINT (-88.4256632087228 39.9637225645678)
A-Injury,Overturned,Clear,Daylight,Ice,No Controls,Unincorporated,2007,0,1,992,POINT (-88.4073618109456 40.0991231999228)
A-Injury,Overturned,Clear,Daylight,Dry,No Controls,Unincorporated,2007,0,1,993,POINT (-88.0805945240205 40.0987020369866)
A-Injury,Overturned,Clear,Daylight,Dry,No Controls,Unincorporated,2007,0,1,994,POINT (-88.0096883283625 40.1934206395912)
A-Injury,Overturned,Clear,Daylight,Unknown,No Controls,Unincorporated,2007,0,1,995,POINT (-87.9577248546221 39.9888253758626)
A-Injury,Overturned,Clear,Darkness,Dry,No Controls,Unincorporated,2007,0,1,996,POINT (-88.2186136221782 40.03982175479)
A-Injury,Overturned,Clear,Darkness,Dry,No Controls,Unincorporated,2007,0,1,997,POINT (-88.4451453321449 40.0985919984412)
A-Injury,Overturned,Clear,Darkness,Dry,No Controls,Unincorporated,2007,0,1,998,POINT (-88.3409753243564 40.1278146585356)
A-Injury,Overturned,Snow,Daylight,Snow or Slush,Lane Use Marking,Unincorporated,2007,0,1,999,POINT (-88.0713819744794 40.1206598839423)
A-Injury,Overturned,Clear,Daylight,Dry,No Controls,Unincorporated,2007,0,3,1000,POINT (-88.3465843758616 40.2742633370445)
A-Injury,Overturned,Clear,Daylight,Ice,No Controls,Unincorporated,2007,0,1,1001,POINT (-88.3464227025926 40.0257600302021)
A-Injury,Overturned,Clear,Daylight,Dry,Lane Use Marking,Unincorporated,2007,0,1,1002,POINT (-88.2307833390504 40.1954833316217)
A-Injury,Overturned,Clear,Darkness,Dry,Lane Use Marking,Unincorporated,2007,0,1,1003,POINT (-88.0002898607003 40.1199483188984)
A-Injury,Overturned,Clear,Daylight,Ice,Lane Use Marking,Unincorporated,2007,0,2,1004,POINT (-87.9478731574197 40.1201189279137)
A-Injury,Overturned,Rain,Daylight,Ice,Lane Use Marking,Unincorporated,2007,0,3,1005,POINT (-88.1705233154888 40.3347964363988)
A-Injury,Overturned,Rain,Darkness,Wet,No Controls,Unincorporated,2007,0,1,1007,POINT (-88.1627645487631 40.1263091292504)
A-Injury,Overturned,Clear,Dawn,Dry,No Controls,Unincorporated,2007,0,1,1008,POINT (-88.3343649816082 40.1133033475161)
A-Injury,Overturned,Clear,Daylight,Dry,Other Regualtory Sig,Unincorporated,2007,0,2,1009,POINT (-88.2747196050676 39.9008467764965)
A-Injury,Overturned,Clear,Daylight,Dry,Lane Use Marking,Unincorporated,2007,0,1,1010,POINT (-88.1822333511661 40.1973499923483)
A-Injury,Fixed object,Clear,Daylight,Dry,No Controls,Unincorporated,2007,0,1,1011,POINT (-88.2940391665002 39.9815960997166)
A-Injury,Fixed object,Clear,Dawn,Dry,No Controls,Unincorporated,2007,0,4,1012,POINT (-88.0980460532795 40.3722696031426)
A-Injury,Fixed object,Clear,Daylight,Dry,No Controls,Unincorporated,2007,0,4,1013,POINT (-87.9546795059477 40.3383761208726)
A-Injury,Fixed object,Fog/Smoke/Haze,Darkness,Dry,No Controls,Unincorporated,2007,0,1,1014,POINT (-87.9608012474204 40.2216706991369)
A-Injury,Fixed object,Snow,Daylight,Snow or Slush,No Controls,Unincorporated,2007,0,1,1015,POINT (-87.9582714849523 40.0573905546666)
A-Injury,Fixed object,Clear,Darkness,Other,No Controls,Unincorporated,2007,0,1,1016,POINT (-88.1061424527553 40.0113030782578)
A-Injury,Fixed object,Clear,Darkness,Dry,No Controls,Unincorporated,2007,0,1,1017,POINT (-88.1274366616804 40.0258851815601)
A-Injury,Fixed object,Clear,Darkness,Dry,No Controls,Unincorporated,2007,0,1,1018,POINT (-88.4582082405629 40.0255271790467)
A-Injury,Fixed object,Rain,Darkness,Ice,No Controls,Unincorporated,2007,0,2,1019,POINT (-88.4436355953535 40.0985885914739)
A-Injury,Fixed object,Clear,Darkness,Dry,No Controls,Unincorporated,2007,0,2,1020,POINT (-88.1734976390862 40.2388326497681)
A-Injury,Fixed object,Clear,Daylight,Dry,No Controls,Unincorporated,2007,0,2,1021,POINT (-88.0404009997464 40.3857191352168)
A-Injury,Fixed object,Clear,Darkness,Dry,No Controls,Unincorporated,2007,0,1,1022,POINT (-88.1828904603524 40.2352217751933)
A-Injury,Overturned,Clear,Darkness,Dry,Lane Use Marking,Urbana,2000,0,1,288,POINT (-88.1884623440006 40.145826693217)
A-Injury,Overturned,Clear,Daylight,Dry,No Passing,St. Joseph,2000,0,1,289,POINT (-88.0184337129719 40.1143397664826)
A-Injury,Fixed object,Rain,Daylight,Wet,Lane Use Marking,Unincorporated,2007,0,2,1023,POINT (-88.2573112920434 40.0176492696234)
A-Injury,Fixed object,Clear,Darkness,Dry,Other Warning Sign,Unincorporated,2007,0,1,1024,POINT (-88.2896047775962 40.1449549527175)
A-Injury,Fixed object,Fog/Smoke/Haze,Darkness,Dry,Lane Use Marking,Unincorporated,2007,0,1,1025,POINT (-87.9648693742589 40.119803689275)
A-Injury,Fixed object,Clear,Daylight,Dry,Lane Use Marking,Unincorporated,2007,0,1,1026,POINT (-88.1607166882584 39.9274333186021)
A-Injury,Fixed object,Snow,Darkness,Snow or Slush,No Controls,Unincorporated,2007,0,2,1027,POINT (-88.2381896260567 40.0921325913405)
A-Injury,Fixed object,Clear,Daylight,Dry,No Controls,Unincorporated,2007,0,1,1028,POINT (-88.2760330482819 40.0837297279878)
A-Injury,Fixed object,Clear,Darkness,Dry,No Controls,Unincorporated,2007,0,3,1029,POINT (-88.3387078159048 40.1967745261)
A-Injury,Fixed object,Clear,"Darkness, lighted road",Dry,No Controls,Unincorporated,2007,0,1,1030,POINT (-88.1137072564364 40.0257973689162)
A-Injury,Fixed object,Clear,Daylight,Dry,Lane Use Marking,Unincorporated,2007,0,2,1031,POINT (-88.194845164863 40.2446317299243)
A-Injury,Fixed object,Clear,Darkness,Dry,Lane Use Marking,Unincorporated,2007,0,1,1032,POINT (-88.3035279409879 39.9308232123231)
A-Injury,Other non collision,Clear,Daylight,Dry,No Controls,Unincorporated,2007,0,1,1033,POINT (-88.365165903512 40.1603398781934)
A-Injury,Parked Motor Vehicle,Clear,Darkness,Dry,Stop Sign/Flasher,Unincorporated,2007,0,3,1034,POINT (-88.3651917644643 40.2112407160078)
A-Injury,Parked Motor Vehicle,Snow,Darkness,Snow or Slush,Lane Use Marking,Unincorporated,2007,0,2,1035,POINT (-87.9945375572209 40.1200525817891)
A-Injury,Turning,Clear,Daylight,Dry,Traffic Signal,Unincorporated,2007,0,2,1036,POINT (-88.2950269625208 40.069391321775)
A-Injury,Turning,Rain,Daylight,Wet,No Controls,Unincorporated,2007,0,3,1037,POINT (-88.0476577995498 40.0909514158076)
A-Injury,Turning,Clear,Daylight,Wet,Stop Sign/Flasher,Unincorporated,2007,0,2,1038,POINT (-88.258312104276 40.0103299559196)
A-Injury,Turning,Clear,Daylight,Dry,Stop Sign/Flasher,Unincorporated,2007,0,1,1039,POINT (-88.276040250659 40.0546595282383)
A-Injury,Turning,Clear,Daylight,Dry,Other Warning Sign,Unincorporated,2007,0,1,1040,POINT (-87.9585209290324 40.0766075698533)
A-Injury,Rear end,Clear,Darkness,Dry,Lane Use Marking,Unincorporated,2007,0,1,1041,POINT (-87.987168130973 40.119840213753)
A-Injury,Rear end,Clear,Daylight,Unknown,No Controls,Unincorporated,2007,0,2,1044,POINT (-88.3653196769091 40.1965091562693)
A-Injury,Rear end,Clear,Darkness,Dry,Lane Use Marking,Unincorporated,2007,0,1,1045,POINT (-88.3099741886533 40.1681858195672)
A-Injury,Rear end,Clear,Daylight,Dry,Lane Use Marking,Unincorporated,2007,0,3,1046,POINT (-88.1820501418416 40.1694370520306)
A-Injury,Rear end,Snow,Daylight,Snow or Slush,Lane Use Marking,Unincorporated,2007,0,1,1047,POINT (-88.0122285196245 40.1201998234761)
A-Injury,Rear end,Snow,Daylight,Ice,Lane Use Marking,Unincorporated,2007,0,2,1048,POINT (-88.3035154012023 39.9897583607377)
A-Injury,Rear end,Clear,Daylight,Dry,Lane Use Marking,Unincorporated,2007,0,2,1049,POINT (-88.1863355104928 40.2652332103391)
A-Injury,Sideswipe Same Direction,Clear,Daylight,Dry,Lane Use Marking,Unincorporated,2007,0,1,1050,POINT (-88.1489234146251 40.1204853594899)
A-Injury,Sideswipe Opposite Direction,Rain,Darkness,Wet,Lane Use Marking,Unincorporated,2007,0,2,1051,POINT (-88.1624325613859 40.0986903038359)
A-Injury,Sideswipe Opposite Direction,Clear,Daylight,Dry,Lane Use Marking,Unincorporated,2007,0,1,1052,POINT (-88.3167429142227 40.1617876140643)
A-Injury,Head on,Clear,Daylight,Dry,No Controls,Unincorporated,2007,0,2,1054,POINT (-88.2249292669419 40.1872926262189)
A-Injury,Angle,Clear,Daylight,Dry,No Controls,Unincorporated,2007,0,2,1055,POINT (-88.0849714819924 39.909030427513)
A-Injury,Angle,Clear,Daylight,Dry,Stop Sign/Flasher,Unincorporated,2007,0,2,1056,POINT (-88.4074603971238 40.1132202567321)
A-Injury,Angle,Clear,Darkness,Dry,Stop Sign/Flasher,Unincorporated,2007,0,2,1057,POINT (-88.384565714608 40.2815832311793)
A-Injury,Angle,Clear,Daylight,Dry,Stop Sign/Flasher,Unincorporated,2007,0,4,1058,POINT (-88.2126382688677 40.2386936645632)
A-Injury,Angle,Clear,Daylight,Dry,Stop Sign/Flasher,Unincorporated,2007,0,2,1059,POINT (-88.2902403265637 40.3550802091416)
A-Injury,Angle,Clear,Daylight,Dry,No Controls,Unincorporated,2007,0,2,1060,POINT (-88.3651690193149 40.204880379047)
A-Injury,Angle,Clear,Daylight,Dry,Stop Sign/Flasher,Unincorporated,2007,0,3,1061,POINT (-88.3845900129298 40.3108300035381)
A-Injury,Angle,Clear,Darkness,Dry,Stop Sign/Flasher,Unincorporated,2007,0,1,1062,POINT (-88.3135170755969 40.025480828236)
A-Injury,Unknown,Rain,Darkness,Wet,No Controls,Unincorporated,2007,0,1,1063,POINT (-88.2056960080738 40.1274559985396)
A-Injury,Overturned,Clear,Darkness,Dry,No Controls,Bondville,2007,0,2,1064,POINT (-88.359940379304 40.1131763323286)
A-Injury,Fixed object,Clear,Darkness,Wet,No Passing,Broadlands,2007,0,1,1065,POINT (-88.002612651718 39.9082482472868)
A-Injury,Overturned,Clear,Daylight,Dry,Lane Use Marking,Champaign,2007,0,3,1066,POINT (-88.3070004450569 40.1185289881077)
A-Injury,Rear end,Rain,Dusk,Wet,No Controls,Champaign,2006,0,2,898,POINT (-88.2451364292602 40.1089299533004)
A-Injury,Overturned,Clear,Daylight,Dry,Lane Use Marking,Champaign,2007,0,1,1067,POINT (-88.2862166735568 40.1471166581767)
A-Injury,Fixed object,Clear,Daylight,Dry,Lane Use Marking,Champaign,2007,0,2,1068,POINT (-88.2863548880237 40.1467418045471)
A-Injury,Overturned,Clear,Darkness,Dry,No Controls,Unincorporated,1999,0,2,429,POINT (-88.001190450865 40.12003359657)
A-Injury,Rear end,Clear,"Darkness, lighted road",Unknown,Traffic Signal,Champaign,1999,0,2,430,POINT (-88.2578465808394 40.1182575235972)
A-Injury,Angle,Snow,Daylight,Snow or Slush,No Controls,Mahomet,2000,0,1,290,POINT (-88.3937934838254 40.1965526191713)
A-Injury,Fixed object,Clear,Daylight,Dry,No Controls,Champaign,2007,0,1,1069,POINT (-88.2578883836708 40.1153317673231)
A-Injury,Fixed object,Clear,Darkness,Dry,No Controls,Champaign,2007,0,1,1070,POINT (-88.2975161221292 40.1092840571465)
A-Injury,Angle,Rain,Daylight,Wet,Stop Sign/Flasher,Champaign,2007,0,3,1119,POINT (-88.2862689475474 40.0914597572092)
A-Injury,Fixed object,Snow,Darkness,Snow or Slush,No Controls,Champaign,2007,0,2,1071,POINT (-88.2646292337985 40.1163503514938)
A-Injury,Fixed object,Rain,Daylight,Wet,Lane Use Marking,Champaign,2007,0,1,1072,POINT (-88.3148080601528 40.1199977245879)
A-Injury,Fixed object,Clear,Daylight,Dry,No Controls,Champaign,2007,0,1,1073,POINT (-88.2565583465071 40.1360434958012)
A-Injury,Parked Motor Vehicle,Clear,Daylight,Dry,No Controls,Champaign,2007,0,1,1074,POINT (-88.2662370340083 40.12799314931)
A-Injury,Parked Motor Vehicle,Clear,Daylight,Dry,Lane Use Marking,Champaign,2007,0,1,1075,POINT (-88.2492475508072 40.1346731964234)
A-Injury,Turning,Clear,Daylight,Dry,No Controls,Champaign,2007,0,1,1076,POINT (-88.2828086446203 40.1111404141893)
A-Injury,Turning,Clear,Darkness,Wet,Stop Sign/Flasher,Champaign,2007,0,1,1077,POINT (-88.2335495697632 40.1066008504429)
A-Injury,Turning,Clear,Daylight,Dry,Traffic Signal,Champaign,2007,0,1,1078,POINT (-88.2435310437051 40.1211423010021)
A-Injury,Turning,Clear,Daylight,Dry,Traffic Signal,Champaign,2007,0,1,1079,POINT (-88.2446040129779 40.0981081872114)
A-Injury,Turning,Rain,Daylight,Wet,Traffic Signal,Champaign,2007,0,1,1080,POINT (-88.2435325628163 40.1211416617469)
A-Injury,Turning,Clear,Daylight,Dry,Traffic Signal,Champaign,2007,0,2,1081,POINT (-88.2483421427047 40.1418527573236)
A-Injury,Turning,Clear,Daylight,Dry,Traffic Signal,Champaign,2007,0,1,1082,POINT (-88.2437307188836 40.1359596384114)
A-Injury,Turning,Clear,Daylight,Dry,No Controls,Champaign,2007,0,2,1083,POINT (-88.2769890023852 40.1274122446371)
A-Injury,Turning,Clear,Daylight,Dry,Traffic Signal,Champaign,2007,0,2,1084,POINT (-88.2468593238754 40.1271718569055)
A-Injury,Turning,Clear,Darkness,Dry,Stop Sign/Flasher,Champaign,2007,0,1,1085,POINT (-88.2767513026559 40.1103310604065)
A-Injury,Turning,Clear,Daylight,Dry,Lane Use Marking,Champaign,2007,0,2,1086,POINT (-88.2387491377119 40.1126219750527)
A-Injury,Turning,Unknown,Daylight,Dry,No Controls,Champaign,2007,0,2,1087,POINT (-88.2769913127788 40.1309519177512)
A-Injury,Turning,Rain,Daylight,Wet,Traffic Signal,Champaign,2007,0,3,1088,POINT (-88.2817420134059 40.1185004901925)
A-Injury,Turning,Clear,Daylight,Unknown,No Controls,Champaign,2007,0,1,1091,POINT (-88.2388100094233 40.1163931452971)
A-Injury,Angle,Clear,Daylight,Unknown,Stop Sign/Flasher,Savoy,2005,0,1,600,POINT (-88.2513910394785 40.0743176048519)
A-Injury,Turning,Clear,Daylight,Dry,Traffic Signal,Champaign,2007,0,1,1092,POINT (-88.2860259263499 40.1129193443347)
A-Injury,Turning,Rain,"Darkness, lighted road",Wet,Traffic Signal,Champaign,2007,0,3,1093,POINT (-88.2817408002825 40.1185041595858)
A-Injury,Turning,Clear,Daylight,Dry,Stop Sign/Flasher,Champaign,2007,0,2,1094,POINT (-88.2950796310593 40.0984686550784)
A-Injury,Rear end,Clear,Daylight,Dry,Traffic Signal,Champaign,2007,0,2,1095,POINT (-88.2579804260096 40.1322295056141)
A-Injury,Rear end,Clear,Daylight,Wet,No Controls,Champaign,2007,0,1,1096,POINT (-88.2458612336395 40.0903082264102)
A-Injury,Rear end,Clear,Daylight,Dry,No Controls,Champaign,2007,0,2,1097,POINT (-88.2579496117378 40.1270614396088)
A-Injury,Rear end,Clear,"Darkness, lighted road",Dry,Traffic Signal,Champaign,2007,0,1,1098,POINT (-88.2579508174828 40.1423011611674)
A-Injury,Rear end,Rain,Daylight,Wet,Traffic Signal,Champaign,2007,0,2,1099,POINT (-88.2576499804883 40.0981624809128)
A-Injury,Rear end,Clear,Daylight,Dry,Lane Use Marking,Champaign,2007,0,1,1100,POINT (-88.2767491715201 40.1110489297074)
A-Injury,Rear end,Sleet,Daylight,Ice,No Controls,Champaign,2007,0,1,1102,POINT (-88.2623253066529 40.1487272192134)
A-Injury,Rear end,Clear,Daylight,Dry,No Controls,Champaign,2007,0,2,1103,POINT (-88.2390099849827 40.139701946787)
A-Injury,Rear end,Fog/Smoke/Haze,Daylight,Ice,No Controls,Champaign,2007,0,1,1104,POINT (-88.277067228556 40.1432557079186)
A-Injury,Rear end,Snow,Daylight,Snow or Slush,Stop Sign/Flasher,Champaign,2007,0,2,1105,POINT (-88.295211522821 40.0933033436063)
A-Injury,Rear end,Clear,"Darkness, lighted road",Dry,No Controls,Champaign,2007,0,1,1106,POINT (-88.233765985941 40.1126502165713)
A-Injury,Rear end,Clear,Daylight,Dry,Stop Sign/Flasher,Champaign,2007,0,1,1107,POINT (-88.3145688473172 40.1277984599002)
A-Injury,Rear end,Clear,Daylight,Dry,Lane Use Marking,Champaign,2007,0,1,1108,POINT (-88.2843012024425 40.1466746899161)
A-Injury,Rear end,Rain,Daylight,Wet,No Controls,Champaign,2007,0,1,1109,POINT (-88.2670514978252 40.1273195078564)
A-Injury,Rear end,Clear,Daylight,Wet,No Controls,Champaign,2007,0,1,1110,POINT (-88.2612147341652 40.1126699084371)
A-Injury,Rear end,Clear,"Darkness, lighted road",Ice,No Controls,Champaign,2007,0,2,1111,POINT (-88.26620718832 40.0836769977214)
A-Injury,Rear end,Clear,Daylight,Dry,Traffic Signal,Champaign,2007,0,3,1112,POINT (-88.3143001213724 40.0986937030442)
A-Injury,Sideswipe Same Direction,Snow,Daylight,Snow or Slush,No Controls,Champaign,2007,0,1,1113,POINT (-88.2374661839303 40.1164050627452)
A-Injury,Sideswipe Same Direction,Clear,Daylight,Dry,Traffic Signal,Champaign,2007,0,1,1114,POINT (-88.2436195613162 40.1272108205502)
A-Injury,Turning,Clear,Daylight,Dry,Traffic Signal,Urbana,1999,0,6,431,POINT (-88.1921736899276 40.1395660925544)
A-Injury,Overturned,Clear,Daylight,Dry,Lane Use Marking,Unincorporated,1999,0,1,432,POINT (-88.1824213995815 40.2060791458896)
A-Injury,Sideswipe Same Direction,Clear,Daylight,Dry,No Controls,Champaign,2007,0,1,1115,POINT (-88.2578901209261 40.1153285874231)
A-Injury,Turning,Clear,Daylight,Dry,Traffic Signal,Urbana,2000,0,1,291,POINT (-88.2195613721625 40.1341663829274)
A-Injury,Overturned,Clear,Darkness,Dry,Lane Use Marking,Champaign,2000,0,1,292,POINT (-88.3048411222464 40.1022329981483)
A-Injury,Sideswipe Opposite Direction,Clear,Daylight,Dry,No Controls,Champaign,2007,0,1,1116,POINT (-88.276551138823 40.1010191475465)
A-Injury,Head on,Rain,"Darkness, lighted road",Wet,No Controls,Champaign,2007,0,3,1117,POINT (-88.2451242625018 40.094747995896)
A-Injury,Head on,Clear,Daylight,Ice,Lane Use Marking,Champaign,2007,0,2,1118,POINT (-88.2842173595129 40.146335301775)
A-Injury,Angle,Clear,Daylight,Dry,Stop Sign/Flasher,Champaign,2007,0,2,1120,POINT (-88.2414195951519 40.0945137300847)
A-Injury,Angle,Clear,Daylight,Dry,Stop Sign/Flasher,Champaign,2007,0,1,1121,POINT (-88.2578189233119 40.1117007081683)
A-Injury,Angle,Clear,Daylight,Dry,Traffic Signal,Champaign,2007,0,2,1122,POINT (-88.2767810166107 40.1128501932043)
A-Injury,Angle,Clear,Daylight,Dry,Traffic Signal,Champaign,2007,0,1,1123,POINT (-88.2769966848162 40.1274110586469)
A-Injury,Angle,Clear,Daylight,Dry,Stop Sign/Flasher,Champaign,2007,0,1,1124,POINT (-88.2788289218144 40.1256803317352)
A-Injury,Angle,Clear,Daylight,Dry,No Controls,Champaign,2007,0,1,1125,POINT (-88.2773477750964 40.1274223731947)
A-Injury,Angle,Clear,Daylight,Dry,Stop Sign/Flasher,Champaign,2007,0,2,1126,POINT (-88.2688997527026 40.1273111870775)
A-Injury,Angle,Clear,Daylight,Dry,Traffic Signal,Champaign,2007,0,2,1127,POINT (-88.2333289813959 40.0981008488475)
A-Injury,Angle,Clear,Daylight,Dry,Stop Sign/Flasher,Champaign,2007,0,1,1128,POINT (-88.2320508410524 40.1103028908707)
A-Injury,Angle,Clear,Daylight,Dry,Traffic Signal,Champaign,2007,0,1,1129,POINT (-88.2435337105053 40.1211395876116)
A-Injury,Angle,Clear,Daylight,Dry,Traffic Signal,Champaign,2007,0,3,1130,POINT (-88.2437284003033 40.1379920093783)
A-Injury,Angle,Clear,Daylight,Snow or Slush,No Controls,Champaign,2007,0,1,1131,POINT (-88.2765588182045 40.1090109028929)
A-Injury,Angle,Clear,Daylight,Dry,Traffic Signal,Champaign,2007,0,1,1132,POINT (-88.2408586776982 40.1163813132471)
A-Injury,Angle,Clear,Daylight,Dry,Stop Sign/Flasher,Champaign,2007,0,5,1133,POINT (-88.2545810202741 40.1314736028775)
A-Injury,Angle,Clear,Daylight,Dry,Stop Sign/Flasher,Champaign,2007,0,3,1134,POINT (-88.2769929087708 40.1309529075875)
A-Injury,Angle,Clear,Daylight,Dry,Stop Sign/Flasher,Champaign,2007,0,3,1135,POINT (-88.2321174697654 40.1202609419564)
A-Injury,Angle,Clear,Daylight,Dry,Traffic Signal,Champaign,2007,0,1,1136,POINT (-88.2387092443107 40.1102303675156)
A-Injury,Angle,Snow,Daylight,Snow or Slush,Stop Sign/Flasher,Champaign,2007,0,4,1138,POINT (-88.2955388718708 40.1223995071925)
A-Injury,Angle,Clear,"Darkness, lighted road",Dry,Traffic Signal,Champaign,2007,0,3,1139,POINT (-88.243493162767 40.1102207586163)
A-Injury,Angle,Clear,Daylight,Dry,Stop Sign/Flasher,Champaign,2007,0,1,1140,POINT (-88.24108840582 40.1272190991056)
A-Injury,Angle,Clear,Daylight,Dry,No Controls,Rantoul,2005,0,1,625,POINT (-88.1633697296594 40.2838068156314)
A-Injury,Unknown,Clear,Daylight,Dry,No Controls,Champaign,2007,0,1,1141,POINT (-88.2577713355649 40.1054334270971)
A-Injury,Unknown,Clear,Daylight,Wet,Stop Sign/Flasher,Champaign,2007,0,1,1142,POINT (-88.2708296515318 40.1183930960718)
A-Injury,Unknown,Clear,Daylight,Dry,Traffic Signal,Champaign,2007,0,1,1143,POINT (-88.2580042653602 40.1465021316114)
A-Injury,Unknown,Clear,Daylight,Dry,Traffic Signal,Champaign,2007,0,1,1144,POINT (-88.2451420538219 40.1102095693649)