crash_severity,collision_type,weather,light,road_surface,traffic_control,city,year,fatality,injury,id,Geometry
A-Injury,Unknown,Rain,Daylight,Wet,No Controls,Champaign,2007,0,1,1145,POINT (-88.2500885189161 40.1181050454494)
A-Injury,Unknown,Clear,Daylight,Dry,No Controls,Champaign,2007,0,1,1146,POINT (-88.268901176099 40.1273122038319)
A-Injury,Unknown,Fog/Smoke/Haze,Darkness,Ice,No Controls,Champaign,2007,0,1,1147,POINT (-88.2320601031212 40.1079798707699)
A-Injury,Unknown,Clear,Daylight,Dry,Traffic Signal,Champaign,2007,0,1,1148,POINT (-88.245233254143 40.1183108886021)
A-Injury,Unknown,Clear,Darkness,Dry,Stop Sign/Flasher,Champaign,2007,0,1,1149,POINT (-88.2625590073818 40.1163505719297)
A-Injury,Rear end,Clear,Darkness,Dry,No Controls,Mahomet,2007,0,4,1150,POINT (-88.3653093422445 40.1930071384624)
A-Injury,Overturned,Clear,Daylight,Dry,Other Warning Sign,Ogden,2007,0,2,1152,POINT (-87.9612340099243 40.1198631686291)
A-Injury,Turning,Clear,Daylight,Dry,Lane Use Marking,Pesotum,2007,0,1,1153,POINT (-88.2808098006753 39.904909588579)
A-Injury,Overturned,Clear,Daylight,Dry,No Controls,Rantoul,2007,0,1,1154,POINT (-88.1557893870442 40.3160583472146)
A-Injury,Fixed object,Severe cross wind,Daylight,Dry,No Controls,Rantoul,2007,0,3,1155,POINT (-88.1304927559154 40.3121690920512)
A-Injury,Unknown,Rain,"Darkness, lighted road",Wet,No Controls,Rantoul,2007,0,1,1156,POINT (-88.1364874527306 40.3143276256408)
A-Injury,Turning,Clear,Daylight,Dry,No Controls,Urbana,2007,0,1,1176,POINT (-88.190721 40.139557)
A-Injury,Parked Motor Vehicle,Clear,Daylight,Ice,Lane Use Marking,St. Joseph,2007,0,1,1157,POINT (-88.0462569235174 40.120479037248)
A-Injury,Rear end,Snow,Daylight,Snow or Slush,Lane Use Marking,St. Joseph,2007,0,1,1158,POINT (-88.0252824224563 40.1203054530783)
A-Injury,Angle,Clear,Dusk,Dry,Lane Use Marking,St. Joseph,2007,0,1,1159,POINT (-88.0430833677139 40.1194166462046)
A-Injury,Overturned,Clear,Daylight,"Sand, mud, dirt",Traffic Signal,Savoy,2007,0,1,1160,POINT (-88.2491691838204 40.0690019176691)
A-Injury,Overturned,Clear,Daylight,Dry,Lane Use Marking,Tolono,2007,0,1,1161,POINT (-88.2641584331331 39.9742344132803)
A-Injury,Pedestrian,Clear,Daylight,Dry,Traffic Signal,Champaign,1999,0,1,433,POINT (-88.2578465808394 40.1182575235972)
A-Injury,Overturned,Clear,Daylight,"Sand, mud, dirt",No Controls,Unincorporated,1999,0,1,434,POINT (-88.1449940481123 40.3422124788197)
A-Injury,Overturned,Clear,Daylight,Dry,Lane Use Marking,Urbana,2007,0,3,1162,POINT (-88.1778454691913 40.1233859833921)
A-Injury,Overturned,Clear,Daylight,Dry,No Controls,Urbana,2007,0,1,1163,POINT (-88.1626218353641 40.1169126398707)
A-Injury,Fixed object,Rain,Daylight,Wet,Stop Sign/Flasher,Urbana,2007,0,1,1164,POINT (-88.2077197272199 40.1274801009176)
A-Injury,Fixed object,Clear,Daylight,Dry,No Controls,Urbana,2007,0,1,1165,POINT (-88.1626260612232 40.115207621305)
A-Injury,Fixed object,Clear,Daylight,Dry,No Controls,Urbana,2007,0,2,1166,POINT (-88.2192371820504 40.1054323982584)
A-Injury,Fixed object,Clear,"Darkness, lighted road",Dry,Traffic Signal,Urbana,2007,0,1,1167,POINT (-88.21954920919 40.1274100527874)
A-Injury,Fixed object,Clear,Daylight,Dry,Lane Use Marking,Urbana,2007,0,1,1168,POINT (-88.1975655634283 40.1350483917498)
A-Injury,Parked Motor Vehicle,Clear,Daylight,Dry,No Controls,Urbana,2007,0,2,1169,POINT (-88.2072988737839 40.1085675739047)
A-Injury,Parked Motor Vehicle,Clear,Daylight,Wet,No Controls,Urbana,2007,0,3,1170,POINT (-88.1840097733877 40.0987341180544)
A-Injury,Turning,Clear,Daylight,Dry,No Controls,Urbana,2007,0,2,1171,POINT (-88.2243218208538 40.1273608240827)
A-Injury,Turning,Clear,Daylight,Dry,No Controls,Urbana,2007,0,2,1172,POINT (-88.2050001943013 40.1135688260002)
A-Injury,Turning,Clear,Daylight,Dry,Stop Sign/Flasher,Urbana,2007,0,1,1173,POINT (-88.2207395979397 40.1163971960967)
A-Injury,Turning,Clear,Daylight,Dry,Stop Sign/Flasher,Urbana,2007,0,2,1174,POINT (-88.1784390573706 40.1129947345958)
A-Injury,Turning,Clear,Daylight,Dry,No Controls,Urbana,2007,0,1,1175,POINT (-88.2024525972295 40.1163008733183)
A-Injury,Turning,Clear,Daylight,Dry,No Controls,Urbana,2007,0,1,1177,POINT (-88.2074939688431 40.1158760307119)
A-Injury,Rear end,Clear,Daylight,Dry,Traffic Signal,Urbana,2007,0,1,1178,POINT (-88.2194628955834 40.1164205773023)
A-Injury,Rear end,Clear,Daylight,Dry,Traffic Signal,Urbana,2007,0,1,1179,POINT (-88.2049482001446 40.1092713009201)
A-Injury,Rear end,Clear,Dawn,Dry,No Controls,Urbana,2007,0,3,1180,POINT (-88.167071127578 40.1058619942812)
A-Injury,Rear end,Clear,Dusk,Dry,No Controls,Urbana,2007,0,1,1181,POINT (-88.2194917101719 40.1238595745715)
A-Injury,Sideswipe Same Direction,Fog/Smoke/Haze,Daylight,Dry,Yield,Urbana,2007,0,1,1182,POINT (-88.2127671734539 40.1164695305539)
A-Injury,Angle,Clear,"Darkness, lighted road",Dry,Traffic Signal,Urbana,2007,0,2,1183,POINT (-88.2049997505706 40.1162761251916)
A-Injury,Angle,Clear,Daylight,Dry,Traffic Signal,Urbana,2007,0,1,1184,POINT (-88.1784414856426 40.1140907408361)
A-Injury,Angle,Clear,Daylight,Dry,Traffic Signal,Urbana,2007,0,1,1185,POINT (-88.2156206853926 40.116440213576)
A-Injury,Unknown,Clear,Daylight,Dry,Traffic Signal,Urbana,2007,0,1,1186,POINT (-88.219401969333 40.1128423336743)
A-Injury,Unknown,Clear,Dusk,Dry,Traffic Signal,Urbana,2007,0,1,1188,POINT (-88.2195085825499 40.1200907213728)
A-Injury,Unknown,Clear,Daylight,Dry,Traffic Signal,Urbana,2007,0,1,1189,POINT (-88.2089190150263 40.1124915473748)
A-Injury,Sideswipe Same Direction,Clear,Darkness,Dry,Lane Use Marking,Unincorporated,2003,0,1,94,POINT (-88.141706268871 40.3742122832618)
A-Injury,Unknown,Clear,Daylight,Dry,No Controls,Urbana,2007,0,1,1190,POINT (-88.2194976560578 40.1206386616805)
A-Injury,Unknown,Clear,Daylight,Dry,Traffic Signal,Urbana,2007,0,1,1191,POINT (-88.2192508406763 40.1059790852007)
A-Injury,Unknown,Clear,Daylight,Dry,Traffic Signal,Urbana,2007,0,1,1192,POINT (-88.204995205202 40.1162792641262)
A-Injury,Unknown,Clear,Daylight,Unknown,No Controls,Urbana,2007,0,1,1193,POINT (-88.2217103700922 40.1090800166509)
A-Injury,Overturned,Clear,Daylight,Wet,Lane Use Marking,Unincorporated,2008,0,1,1194,POINT (-88.2930509487165 39.8818621799639)
A-Injury,Head on,Snow,Dusk,Snow or Slush,Lane Use Marking,Unincorporated,2008,0,1,1195,POINT (-88.3030891750266 39.9488287697635)
A-Injury,Angle,Clear,Daylight,Snow or Slush,Stop Sign/Flasher,Champaign,2008,0,2,1196,POINT (-88.2500116175084 40.1090093964038)
A-Injury,Parked Motor Vehicle,Snow,Daylight,Snow or Slush,No Controls,Champaign,2008,0,1,1197,POINT (-88.3223467120599 40.0969953650989)
A-Injury,Turning,Clear,Daylight,Dry,No Controls,Champaign,2008,0,2,1198,POINT (-88.2531983588283 40.1271896729577)
A-Injury,Parked Motor Vehicle,Severe cross wind,Darkness,Dry,No Controls,Unincorporated,2008,0,2,1199,POINT (-88.0615710642772 40.1204187611536)
A-Injury,Turning,Clear,Daylight,Wet,No Controls,Champaign,2008,0,1,1201,POINT (-88.2387313544736 40.1156520935822)
A-Injury,Turning,Clear,Daylight,Dry,Traffic Signal,Champaign,2008,0,1,1202,POINT (-88.2578400091986 40.116319489117)
A-Injury,Angle,Clear,Daylight,Dry,Traffic Signal,Urbana,2008,0,3,1203,POINT (-88.2193810318502 40.1164311332551)
A-Injury,Fixed object,Clear,"Darkness, lighted road",Dry,Traffic Signal,Champaign,2008,0,1,1204,POINT (-88.2767707467697 40.1128502620329)
A-Injury,Turning,Snow,Daylight,Snow or Slush,Lane Use Marking,Unincorporated,2008,0,1,1205,POINT (-88.3150582382125 40.1606312127145)
A-Injury,Angle,Snow,Daylight,Snow or Slush,Lane Use Marking,Urbana,2008,0,1,1206,POINT (-88.1726691205008 40.1210087188572)
A-Injury,Pedestrian,Rain,"Darkness, lighted road",Wet,Stop Sign/Flasher,Urbana,2008,0,1,1207,POINT (-88.2144568567194 40.1183410234458)
A-Injury,Fixed object,Rain,Daylight,Ice,No Controls,Unincorporated,2008,0,2,1208,POINT (-88.2899595997079 40.3183342745879)
A-Injury,Rear end,Clear,"Darkness, lighted road",Dry,Traffic Signal,Urbana,1999,0,2,435,POINT (-88.2269356648049 40.1164076697114)
A-Injury,Turning,Clear,Darkness,Dry,Stop Sign/Flasher,Champaign,2008,0,2,1209,POINT (-88.2320504653094 40.110299991431)
A-Injury,Pedalcyclist,Clear,Daylight,Dry,Stop Sign/Flasher,Champaign,2008,0,1,1210,POINT (-88.2578104589552 40.1153308230046)
A-Injury,Rear end,Clear,Daylight,Dry,Traffic Signal,Rantoul,2008,0,3,1211,POINT (-88.155799676328 40.3081906655675)
A-Injury,Rear end,Clear,Daylight,Dry,No Controls,Champaign,2010,0,2,1721,POINT (-88.2354149370112 40.1163402150074)
A-Injury,Pedestrian,Clear,Daylight,Dry,Traffic Signal,Champaign,2008,0,1,1212,POINT (-88.2579034539181 40.1182694417485)
A-Injury,Rear end,Clear,Daylight,Snow or Slush,No Controls,Champaign,2008,0,1,1213,POINT (-88.2302995138192 40.1068697460735)
A-Injury,Turning,Clear,Daylight,Unknown,Stop Sign/Flasher,Champaign,2000,0,2,293,POINT (-88.3145129624667 40.1132597945671)
A-Injury,Angle,Snow,Daylight,Snow or Slush,Traffic Signal,Champaign,2008,0,2,1214,POINT (-88.2451490298286 40.1125905467255)
A-Injury,Rear end,Snow,Daylight,Snow or Slush,Traffic Signal,Champaign,2008,0,1,1215,POINT (-88.257790646342 40.1101590277394)
A-Injury,Fixed object,Clear,Darkness,Dry,No Controls,Unincorporated,2008,0,1,1216,POINT (-88.1705574110777 40.0110006109141)
A-Injury,Fixed object,Clear,Daylight,Dry,Lane Use Marking,Unincorporated,2008,0,1,1217,POINT (-87.987016238915 40.1200126184813)
A-Injury,Rear end,Clear,Daylight,Wet,Stop Sign/Flasher,Champaign,2008,0,1,1218,POINT (-88.2627089998404 40.1272311890865)
A-Injury,Rear end,Fog/Smoke/Haze,Daylight,Wet,Stop Sign/Flasher,Unincorporated,2008,0,1,1219,POINT (-88.0665285360445 39.9818195432653)
A-Injury,Pedestrian,Clear,Daylight,Dry,No Controls,Champaign,2008,0,1,1220,POINT (-88.2350448087219 40.1102729055467)
A-Injury,Sideswipe Opposite Direction,Clear,Daylight,Dry,Lane Use Marking,Unincorporated,2008,0,1,1221,POINT (-88.0112427541642 40.1115880298996)
A-Injury,Rear end,Clear,Daylight,Dry,Lane Use Marking,Unincorporated,2008,0,1,1222,POINT (-88.3017242626669 39.924464755615)
A-Injury,Turning,Clear,Daylight,Dry,Traffic Signal,Champaign,2008,0,2,1223,POINT (-88.2581194231064 40.1568090833219)
A-Injury,Fixed object,Clear,Daylight,Dry,No Controls,Unincorporated,2008,0,2,1224,POINT (-88.098409946264 40.3234094456989)
A-Injury,Fixed object,Snow,Daylight,Ice,No Controls,Unincorporated,2008,0,1,1225,POINT (-88.1019764153491 40.0258394252034)
A-Injury,Fixed object,Clear,Darkness,Dry,No Controls,Unincorporated,2008,0,1,1226,POINT (-87.9598155074269 40.141918040663)
A-Injury,Angle,Clear,Daylight,Dry,Stop Sign/Flasher,Champaign,2008,0,1,1227,POINT (-88.2353909059743 40.1126505256805)
A-Injury,Fixed object,Clear,Daylight,Dry,No Controls,Unincorporated,2008,0,1,1228,POINT (-88.3518034821907 40.1566490476403)
A-Injury,Sideswipe Same Direction,Clear,"Darkness, lighted road",Dry,No Controls,Champaign,2008,0,1,1229,POINT (-88.2625585333191 40.1163505230516)
A-Injury,Parked Motor Vehicle,Clear,Daylight,Dry,No Controls,Champaign,2008,0,4,1230,POINT (-88.288852099379 40.0935268410522)
A-Injury,Angle,Clear,Daylight,Dry,Stop Sign/Flasher,Thomasboro,2008,0,1,1231,POINT (-88.1830090836122 40.2388013413109)
A-Injury,Fixed object,Clear,Daylight,Dry,Lane Use Marking,Unincorporated,2008,0,1,1232,POINT (-88.3233451204385 40.1203908241576)
A-Injury,Angle,Rain,Daylight,Wet,Stop Sign/Flasher,Champaign,2008,0,1,1233,POINT (-88.2815120657355 40.0870573426647)
A-Injury,Fixed object,Clear,Daylight,Dry,No Controls,Champaign,2008,0,1,1235,POINT (-88.2816320233082 40.1110757570861)
A-Injury,Turning,Clear,Daylight,Dry,Lane Use Marking,Unincorporated,2003,0,5,95,POINT (-88.1611959509165 39.9526789861119)
A-Injury,Rear end,Rain,Daylight,Wet,Lane Use Marking,Unincorporated,2008,0,1,1236,POINT (-87.9451103028431 40.1199894526119)
A-Injury,Fixed object,Rain,Daylight,Wet,Lane Use Marking,Urbana,2008,0,1,1237,POINT (-88.196988011614 40.1342496577002)
A-Injury,Pedalcyclist,Clear,Daylight,Dry,No Controls,Champaign,2008,0,1,1239,POINT (-88.2435300201306 40.1199310733712)
A-Injury,Turning,Clear,Daylight,Dry,Traffic Signal,Champaign,2008,0,1,1240,POINT (-88.2437286798959 40.1359702589919)
A-Injury,Angle,Rain,Daylight,Wet,No Controls,Unincorporated,2008,0,2,1241,POINT (-88.1037608406865 39.8946302091581)
A-Injury,Overturned,Clear,Daylight,Dry,No Controls,Unincorporated,2008,0,2,1242,POINT (-87.9951896400807 40.1867790815039)
A-Injury,Fixed object,Clear,"Darkness, lighted road",Dry,No Controls,Champaign,2008,0,1,1243,POINT (-88.2433690203954 40.1348681628906)
A-Injury,Sideswipe Same Direction,Clear,Daylight,Dry,Lane Use Marking,Unincorporated,2008,0,2,1244,POINT (-88.3036288532877 40.0010125876101)
A-Injury,Rear end,Clear,Daylight,Dry,Lane Use Marking,Unincorporated,2008,0,2,1245,POINT (-88.1606039685631 39.9017157065198)
A-Injury,Rear end,Clear,Daylight,Dry,Lane Use Marking,Champaign,2008,0,3,1246,POINT (-88.2697656889859 40.1587230341984)
A-Injury,Sideswipe Opposite Direction,Clear,Daylight,Dry,No Controls,Urbana,2008,0,2,1247,POINT (-88.1679417548738 40.1133199771964)
A-Injury,Angle,Clear,Daylight,Dry,Stop Sign/Flasher,Urbana,2008,0,1,1250,POINT (-88.2049505325442 40.1007802374263)
A-Injury,Sideswipe Same Direction,Clear,Daylight,Wet,No Controls,Urbana,2008,0,1,1251,POINT (-88.2074525847692 40.1164051817504)
A-Injury,Head on,Clear,Daylight,Snow or Slush,No Controls,Urbana,2008,0,1,1252,POINT (-88.2194866730592 40.1241076605652)
A-Injury,Angle,Clear,Daylight,Snow or Slush,Stop Sign/Flasher,Urbana,2008,0,1,1253,POINT (-88.1945100021361 40.1394200011428)
A-Injury,Fixed object,Clear,"Darkness, lighted road",Dry,Stop Sign/Flasher,Urbana,2008,0,2,1254,POINT (-88.1955510588758 40.0983807414333)
A-Injury,Rear end,Clear,"Darkness, lighted road",Dry,Traffic Signal,Champaign,2008,0,1,1255,POINT (-88.2451489490525 40.1125869277862)
A-Injury,Fixed object,Clear,Daylight,Dry,No Controls,Unincorporated,2008,0,1,1256,POINT (-88.1801965159177 40.1143604480735)
A-Injury,Fixed object,Clear,"Darkness, lighted road",Dry,Stop Sign/Flasher,Urbana,2008,0,1,1257,POINT (-88.1877807419806 40.1274706357345)
A-Injury,Turning,Rain,"Darkness, lighted road",Wet,Traffic Signal,Champaign,1999,0,6,436,POINT (-88.2769570957819 40.1274234623449)
A-Injury,Turning,Clear,Daylight,Dry,No Controls,Rantoul,1999,0,2,437,POINT (-88.1327221498801 40.3121521288532)
A-Injury,Angle,Clear,Daylight,Dry,No Controls,Unincorporated,2008,0,3,1258,POINT (-88.1045816203969 40.0549089824834)
A-Injury,Overturned,Clear,Daylight,Dry,No Controls,Unincorporated,2008,0,1,1259,POINT (-88.4410690653363 40.1825982313747)
A-Injury,Rear end,Clear,Daylight,Dry,No Controls,Unincorporated,2008,0,2,1260,POINT (-88.0812317643962 40.0259000124822)
A-Injury,Overturned,Clear,Daylight,Dry,No Controls,Unincorporated,2008,0,1,1261,POINT (-88.071654937919 40.1495348570162)
A-Injury,Angle,Clear,Daylight,Dry,Stop Sign/Flasher,Unincorporated,2008,0,4,1262,POINT (-88.2378607252645 40.0104687411648)
A-Injury,Fixed object,Clear,Daylight,Dry,Lane Use Marking,Urbana,2000,0,1,294,POINT (-88.2202504060083 40.1350292565106)
A-Injury,Rear end,Clear,Daylight,Wet,No Controls,Champaign,2008,0,1,1263,POINT (-88.27726184028 40.1400601144227)
A-Injury,Pedestrian,Clear,Daylight,Dry,Stop Sign/Flasher,Champaign,2008,0,1,1264,POINT (-88.2468687766537 40.1202113312187)
A-Injury,Rear end,Clear,Daylight,Dry,Police/Flagman,Unincorporated,2008,0,1,1265,POINT (-88.2869070498407 40.1426430560173)
A-Injury,Rear end,Clear,Daylight,Wet,No Controls,Urbana,2008,0,1,1266,POINT (-88.2228113986695 40.0981690916987)
A-Injury,Fixed object,Clear,Daylight,Dry,Traffic Signal,Urbana,2008,0,1,1267,POINT (-88.1836568058261 40.1159400412944)
A-Injury,Pedalcyclist,Clear,Daylight,Dry,Stop Sign/Flasher,Urbana,2008,0,1,1268,POINT (-88.2095897689724 40.0983004677986)
A-Injury,Pedestrian,Clear,Daylight,Dry,Traffic Signal,Urbana,2008,0,1,1269,POINT (-88.2239889413726 40.1128111217479)
A-Injury,Turning,Clear,Daylight,Dry,Traffic Signal,Urbana,2008,0,2,1270,POINT (-88.2050012736326 40.1124497905026)
A-Injury,Rear end,Clear,Daylight,Dry,Traffic Signal,Urbana,2008,0,1,1271,POINT (-88.1965555794772 40.1323984622316)
A-Injury,Turning,Clear,Dusk,Dry,Traffic Signal,Champaign,2008,0,2,1272,POINT (-88.2579793650931 40.1321710482866)
A-Injury,Pedalcyclist,Clear,Daylight,Dry,No Controls,Urbana,2008,0,1,1273,POINT (-88.2191916577329 40.1027691675909)
A-Injury,Parked Motor Vehicle,Clear,Daylight,Dry,No Controls,Champaign,2008,0,1,1274,POINT (-88.290832420248 40.1003702189692)
A-Injury,Fixed object,Rain,Daylight,Wet,Lane Use Marking,Champaign,2008,0,4,1275,POINT (-88.2982501109759 40.1198065527188)
A-Injury,Rear end,Clear,Daylight,Dry,Lane Use Marking,Champaign,2008,0,1,1276,POINT (-88.2680045133087 40.1368940031897)
A-Injury,Rear end,Clear,Daylight,Dry,Lane Use Marking,Champaign,2008,0,1,1277,POINT (-88.3009785412851 40.1309905701445)
A-Injury,Sideswipe Opposite Direction,Clear,Darkness,Dry,Lane Use Marking,Unincorporated,2008,0,2,1278,POINT (-88.3939768740301 40.2464998552818)
A-Injury,Rear end,Clear,Daylight,Dry,Lane Use Marking,Unincorporated,2008,0,3,1279,POINT (-88.0594453065269 40.120589787305)
A-Injury,Overturned,Rain,Daylight,Wet,Lane Use Marking,Unincorporated,2008,0,1,1280,POINT (-88.3037077626121 40.0703080311917)
A-Injury,Parked Motor Vehicle,Clear,Daylight,Dry,No Controls,Rantoul,2008,0,1,1281,POINT (-88.140570670247 40.308135523233)
A-Injury,Fixed object,Clear,Daylight,Dry,No Controls,Unincorporated,2008,0,1,1282,POINT (-88.1428981020315 40.0476488497912)
A-Injury,Pedalcyclist,Clear,Daylight,Dry,No Controls,Sidney,2008,0,1,1284,POINT (-88.0732927053317 40.0212770604425)
A-Injury,Other non collision,Clear,Daylight,Dry,No Controls,Unincorporated,2008,0,1,1285,POINT (-88.1468041518964 39.9674630073438)
A-Injury,Fixed object,Unknown,Unknown,Unknown,No Controls,Unincorporated,2008,0,1,1286,POINT (-88.3106496361604 39.9517770479202)
A-Injury,Fixed object,Clear,Daylight,Dry,No Controls,Unincorporated,2008,0,1,1287,POINT (-88.1627192003914 40.1227684459759)
A-Injury,Angle,Clear,Daylight,Dry,Stop Sign/Flasher,Unincorporated,2008,0,2,1288,POINT (-88.3335190372968 40.1278799730235)
A-Injury,Pedalcyclist,Clear,Daylight,Dry,Lane Use Marking,Unincorporated,2008,0,1,1289,POINT (-87.9588764649125 40.123531906119)
A-Injury,Rear end,Clear,Daylight,Dry,Traffic Signal,Champaign,2008,0,2,1290,POINT (-88.2769896425109 40.1274100732977)
A-Injury,Other Object,Clear,Daylight,Dry,No Controls,Champaign,2008,0,1,1291,POINT (-88.2368211640313 40.1303404851055)
A-Injury,Parked Motor Vehicle,Clear,Daylight,Dry,No Controls,Tolono,2008,0,1,1292,POINT (-88.2655760896548 39.9716140691581)
A-Injury,Overturned,Clear,Daylight,Dry,Lane Use Marking,Unincorporated,2008,0,1,1293,POINT (-88.2898019177651 40.1453060814773)
A-Injury,Pedalcyclist,Unknown,"Darkness, lighted road",Unknown,Unknown,Champaign,2008,0,1,1294,POINT (-88.243718748385 40.1379710246987)
A-Injury,Angle,Clear,Darkness,Dry,Traffic Signal,Rantoul,2008,0,2,1295,POINT (-88.1589016194943 40.3081704510612)
A-Injury,Angle,Clear,Daylight,Dry,Stop Sign/Flasher,Champaign,2008,0,2,1297,POINT (-88.2451490288687 40.1125904594303)
A-Injury,Turning,Clear,Daylight,Dry,No Controls,Rantoul,2008,0,1,1298,POINT (-88.1562460237649 40.3051668338403)
A-Injury,Fixed object,Clear,"Darkness, lighted road",Dry,No Controls,Champaign,2008,0,1,1299,POINT (-88.2579584086592 40.1380311319108)
A-Injury,Overturned,Clear,Daylight,Dry,Lane Use Marking,Unincorporated,2008,0,1,1300,POINT (-88.2629918572444 40.1642218122834)
A-Injury,Turning,Clear,Daylight,Dry,No Controls,Urbana,2008,0,1,1301,POINT (-88.2194884884146 40.1242445175697)
A-Injury,Turning,Clear,Daylight,Dry,No Controls,Urbana,2008,0,2,1302,POINT (-88.2073096781141 40.1092498648021)
A-Injury,Overturned,Clear,Daylight,Dry,No Controls,Urbana,2008,0,1,1303,POINT (-88.1907913595926 40.1024067194525)
A-Injury,Angle,Clear,Daylight,Dry,Stop Sign/Flasher,Urbana,2008,0,1,1304,POINT (-88.1955495852224 40.1000403720116)
A-Injury,Pedestrian,Clear,Darkness,Dry,No Controls,Urbana,2008,0,1,1305,POINT (-88.2182456893914 40.110603905649)
A-Injury,Pedalcyclist,Clear,Daylight,Dry,No Controls,Champaign,2008,0,1,1306,POINT (-88.2687327615422 40.1102509224503)
A-Injury,Parked Motor Vehicle,Clear,"Darkness, lighted road",Dry,No Controls,Champaign,2008,0,1,1307,POINT (-88.2468434259747 40.1156173101139)
A-Injury,Head on,Clear,Daylight,Dry,Traffic Signal,Savoy,2008,0,1,1308,POINT (-88.2514188593605 40.0544904793465)
A-Injury,Angle,Clear,Daylight,Dry,Stop Sign/Flasher,Unincorporated,2008,0,3,1309,POINT (-88.2091702595767 40.039850721922)
A-Injury,Angle,Clear,Dusk,Dry,Stop Sign/Flasher,Unincorporated,2008,0,3,1310,POINT (-88.1550504342136 40.2390404750451)
A-Injury,Angle,Clear,Daylight,Dry,Stop Sign/Flasher,Unincorporated,2008,0,1,1311,POINT (-88.0595188314318 40.2979207133809)
A-Injury,Overturned,Clear,Daylight,Dry,No Controls,Unincorporated,2000,0,1,296,POINT (-88.3941565822324 40.2744436800426)
A-Injury,Turning,Clear,"Darkness, lighted road",Wet,Traffic Signal,Rantoul,2000,0,2,297,POINT (-88.155770220666 40.3072851409121)
A-Injury,Overturned,Clear,Darkness,"Sand, mud, dirt",Stop Sign/Flasher,Ogden,2008,0,1,1312,POINT (-87.9561198413073 40.1139791700884)
A-Injury,Overturned,Clear,Daylight,Dry,No Controls,Unincorporated,2008,0,1,1313,POINT (-88.3464052123328 40.2447287410011)
A-Injury,Angle,Clear,Daylight,Dry,Stop Sign/Flasher,Unincorporated,2008,0,3,1314,POINT (-88.048070402864 40.1862387383237)
A-Injury,Fixed object,Clear,Daylight,Dry,No Controls,Unincorporated,2008,0,1,1315,POINT (-88.2756292891339 40.3112873284276)
A-Injury,Turning,Clear,Daylight,Dry,Traffic Signal,Savoy,2008,0,2,1316,POINT (-88.2539781913084 40.0394299767829)
A-Injury,Fixed object,Clear,Daylight,Dry,Traffic Signal,Champaign,2008,0,1,1317,POINT (-88.2452112352491 40.1163493977333)
A-Injury,Angle,Clear,Daylight,Dry,No Controls,Unincorporated,2008,0,2,1318,POINT (-88.3083401919827 40.2453812450497)
A-Injury,Overturned,Clear,Daylight,Dry,Other Warning Sign,Unincorporated,2008,0,1,1319,POINT (-88.4373523620534 39.8938893473673)
A-Injury,Other non collision,Clear,Daylight,Dry,No Controls,Champaign,2008,0,1,1320,POINT (-88.2606528785615 40.1387988737586)
A-Injury,Turning,Rain,Daylight,Wet,No Controls,Champaign,2008,0,2,1321,POINT (-88.2501589007447 40.1271888053437)
A-Injury,Overturned,Clear,Daylight,Dry,No Controls,Champaign,2008,0,1,1322,POINT (-88.2770790681681 40.1597391093176)
A-Injury,Angle,Rain,Daylight,Wet,Traffic Signal,Urbana,2008,0,1,1323,POINT (-88.2195498745535 40.1324396336256)
A-Injury,Overturned,Clear,Dusk,Dry,Stop Sign/Flasher,Urbana,2008,0,1,1324,POINT (-88.2242093823358 40.1221896705215)
A-Injury,Fixed object,Rain,Daylight,Wet,No Controls,Champaign,2008,0,1,1325,POINT (-88.2531891111174 40.1300689548928)
A-Injury,Angle,Clear,Daylight,Dry,Stop Sign/Flasher,Champaign,2008,0,1,1326,POINT (-88.2435091115842 40.1163595658114)
A-Injury,Turning,Clear,Daylight,Dry,Stop Sign/Flasher,Rantoul,2008,0,3,1327,POINT (-88.1747792070596 40.3071412223173)
A-Injury,Angle,Clear,Daylight,Dry,Traffic Signal,Rantoul,2008,0,4,1328,POINT (-88.170585536093 40.2827047276551)
A-Injury,Head on,Clear,Daylight,Dry,No Controls,Champaign,2008,0,2,1329,POINT (-88.2764590518524 40.0942810769534)
A-Injury,Pedalcyclist,Clear,Daylight,Dry,Stop Sign/Flasher,Champaign,2008,0,1,1330,POINT (-88.2387090408223 40.1102298946413)
A-Injury,Angle,Clear,Daylight,Dry,Traffic Signal,Champaign,2008,0,1,1333,POINT (-88.2767707457629 40.1128501826988)
A-Injury,Turning,Rain,Darkness,Wet,Lane Use Marking,Mahomet,2008,0,1,1334,POINT (-88.364799764548 40.1841467286657)
A-Injury,Overturned,Rain,Daylight,Wet,No Controls,Unincorporated,2008,0,2,1335,POINT (-88.2321705604159 40.0105132707813)
A-Injury,Rear end,Clear,Daylight,Dry,Lane Use Marking,Unincorporated,2008,0,2,1336,POINT (-88.2815910371638 40.1444050740571)
A-Injury,Fixed object,Clear,Daylight,Dry,Lane Use Marking,Unincorporated,2008,0,1,1337,POINT (-88.3938056383561 40.2755790244287)