crash_severity,collision_type,weather,light,road_surface,traffic_control,city,year,fatality,injury,id,Geometry
A-Injury,Rear end,Clear,Daylight,Dry,Lane Use Marking,Unincorporated,2008,0,1,1338,POINT (-88.182290954358 40.1892901904393)
A-Injury,Fixed object,Clear,Dusk,Dry,No Controls,Unincorporated,2008,0,1,1339,POINT (-88.1557188453649 40.3414980654164)
A-Injury,Rear end,Clear,Daylight,Dry,No Controls,Champaign,2008,0,1,1340,POINT (-88.2435608734313 40.1235301931185)
A-Injury,Turning,Clear,Darkness,Wet,Stop Sign/Flasher,Champaign,2008,0,1,1341,POINT (-88.2591086452196 40.1380802852024)
A-Injury,Turning,Clear,Daylight,Dry,Traffic Signal,Champaign,2008,0,2,1342,POINT (-88.2768888232007 40.1196900092729)
A-Injury,Rear end,Clear,Daylight,Dry,No Controls,Champaign,2008,0,1,1343,POINT (-88.2725071424705 40.0982419184367)
A-Injury,Turning,Clear,Daylight,Dry,Traffic Signal,Champaign,2008,0,6,1344,POINT (-88.2468767239015 40.0835694629413)
A-Injury,Rear end,Clear,Daylight,Dry,Lane Use Marking,Unincorporated,2008,0,2,1345,POINT (-88.0789936114377 40.120561179823)
A-Injury,Angle,Clear,Darkness,Dry,Stop Sign/Flasher,Unincorporated,2008,0,1,1347,POINT (-88.1605691357877 39.9090609852465)
A-Injury,Rear end,Clear,Daylight,Snow or Slush,Lane Use Marking,Unincorporated,2008,0,1,1348,POINT (-88.18283036653 40.227214509773)
A-Injury,Overturned,Snow,Daylight,Ice,Lane Use Marking,Champaign,2008,0,2,1349,POINT (-88.2921764078434 40.1386811750139)
A-Injury,Rear end,Clear,Daylight,Dry,Lane Use Marking,Unincorporated,2008,0,1,1350,POINT (-88.3034929738205 39.9870894363124)
A-Injury,Overturned,Snow,Dawn,Snow or Slush,Lane Use Marking,Unincorporated,2008,0,2,1351,POINT (-88.1406395390972 40.3767363316658)
A-Injury,Rear end,Clear,Darkness,Dry,Lane Use Marking,Unincorporated,2008,0,1,1352,POINT (-88.3468156914655 40.1810422847558)
A-Injury,Fixed object,Clear,Darkness,Wet,No Controls,Rantoul,2008,0,1,1353,POINT (-88.1458139337242 40.2831444371227)
A-Injury,Fixed object,Clear,"Darkness, lighted road",Dry,No Controls,Rantoul,2008,0,1,1354,POINT (-88.1462717481082 40.3047926823597)
A-Injury,Sideswipe Same Direction,Clear,Daylight,Dry,No Controls,Champaign,2008,0,1,1355,POINT (-88.2760963068939 40.11644590362)
A-Injury,Angle,Clear,Daylight,Dry,Stop Sign/Flasher,Champaign,2008,0,5,1356,POINT (-88.2353909059743 40.1126505256805)
A-Injury,Turning,Clear,Daylight,Dry,Traffic Signal,Champaign,2008,0,3,1357,POINT (-88.2466687457606 40.0980895304398)
A-Injury,Angle,Clear,Daylight,Dry,Traffic Signal,Champaign,2008,0,2,1358,POINT (-88.2579034539181 40.1182694417485)
A-Injury,Overturned,Clear,Darkness,Dry,Lane Use Marking,Unincorporated,2000,0,1,299,POINT (-88.1573908360096 40.3511810026863)
A-Injury,Fixed object,Clear,Darkness,Dry,No Controls,Rantoul,2008,0,5,1238,POINT (-88.1416126237609 40.3046910882602)
A-Injury,Rear end,Clear,Daylight,Dry,Traffic Signal,Savoy,2008,0,2,1359,POINT (-88.2514188593605 40.0544904793465)
A-Injury,Rear end,Clear,Daylight,Dry,No Controls,Champaign,2008,0,1,1360,POINT (-88.2764124611044 40.1128462191979)
A-Injury,Overturned,Snow,Darkness,Ice,Lane Use Marking,Unincorporated,2008,0,5,1361,POINT (-88.3040634990882 40.0194102365954)
A-Injury,Rear end,Clear,Daylight,Dry,Traffic Signal,Champaign,2008,0,1,1362,POINT (-88.2580194433672 40.1341892339031)
A-Injury,Sideswipe Same Direction,Snow,Daylight,Snow or Slush,Lane Use Marking,Unincorporated,2008,0,2,1363,POINT (-88.4610110800678 40.2123598332346)
A-Injury,Overturned,Other,Daylight,Ice,Lane Use Marking,Unincorporated,2008,0,2,1364,POINT (-88.3231224594769 40.1735213451592)
A-Injury,Parked Motor Vehicle,Clear,Daylight,Ice,Lane Use Marking,Unincorporated,2008,0,6,1365,POINT (-88.3051506505793 40.1136751633265)
A-Injury,Fixed object,Clear,Darkness,Dry,No Controls,Unincorporated,2008,0,1,1366,POINT (-88.0695191923297 40.385535194999)
A-Injury,Angle,Rain,Daylight,Wet,Stop Sign/Flasher,Unincorporated,2008,0,1,1367,POINT (-88.048070402864 40.1862387383237)
A-Injury,Pedestrian,Clear,"Darkness, lighted road",Dry,No Controls,Champaign,2008,0,1,1368,POINT (-88.2320504653094 40.110299991431)
A-Injury,Overturned,Clear,Darkness,Dry,Lane Use Marking,St. Joseph,2008,0,1,1369,POINT (-88.0358863567161 40.1202225432278)
A-Injury,Turning,Clear,Daylight,Dry,No Controls,Champaign,2008,0,1,1370,POINT (-88.2769106944275 40.1206501686017)
A-Injury,Turning,Clear,Daylight,Dry,No Controls,Champaign,2008,0,2,1371,POINT (-88.2626402339304 40.0981693527801)
A-Injury,Turning,Clear,Daylight,Dry,Traffic Signal,Champaign,2008,0,3,1372,POINT (-88.2387294870562 40.1163404613301)
A-Injury,Sideswipe Same Direction,Clear,Darkness,Dry,Traffic Signal,Champaign,2008,0,1,1373,POINT (-88.314531202973 40.1132463618646)
A-Injury,Turning,Clear,Darkness,Wet,No Controls,Urbana,2008,0,1,1374,POINT (-88.1805279536526 40.1032150051975)
A-Injury,Angle,Clear,Daylight,Dry,Traffic Signal,Urbana,2008,0,2,1375,POINT (-88.1906610713237 40.1420085240767)
A-Injury,Pedestrian,Clear,Daylight,Dry,Traffic Signal,Urbana,2008,0,1,1376,POINT (-88.2156192888248 40.1164501497193)
A-Injury,Angle,Snow,"Darkness, lighted road",Snow or Slush,Traffic Signal,Champaign,2008,0,1,1377,POINT (-88.2426400253038 40.1163698302578)
A-Injury,Pedestrian,Clear,Daylight,Wet,No Controls,Champaign,2008,0,1,1380,POINT (-88.2951587696771 40.088680234933)
A-Injury,Angle,Clear,Daylight,Ice,Stop Sign/Flasher,Unincorporated,2008,0,3,1381,POINT (-88.369671394252 40.1276191559494)
A-Injury,Angle,Clear,Dusk,Dry,Stop Sign/Flasher,Champaign,2008,0,1,1382,POINT (-88.2627396798724 40.131000490131)
A-Injury,Overturned,Clear,Darkness,Dry,No Controls,Unincorporated,2008,0,1,1383,POINT (-88.2943752035619 40.0104194283062)
A-Injury,Pedalcyclist,Clear,"Darkness, lighted road",Ice,No Controls,Champaign,2008,0,2,1384,POINT (-88.2579443945964 40.1239905992661)
A-Injury,Head on,Other,Darkness,Ice,No Controls,St. Joseph,2008,0,2,1385,POINT (-88.0219668642716 40.1132295030017)
A-Injury,Rear end,Rain,Daylight,Ice,No Controls,Unincorporated,2008,0,1,1386,POINT (-88.2496092726062 40.0823580134332)
A-Injury,Fixed object,Clear,Darkness,Wet,Stop Sign/Flasher,Unincorporated,2008,0,1,1387,POINT (-88.4126884984797 40.2220204310854)
A-Injury,Pedalcyclist,Clear,Daylight,Dry,No Controls,Champaign,2008,0,1,1388,POINT (-88.2451556029241 40.102278905116)
A-Injury,Sideswipe Same Direction,Rain,Daylight,Ice,No Controls,Unincorporated,2008,0,1,1389,POINT (-88.0714589527998 40.1133775942192)
A-Injury,Fixed object,Clear,Daylight,Ice,No Controls,Unincorporated,2008,0,1,1390,POINT (-88.0646395042668 40.3272024052584)
A-Injury,Head on,Sleet/Hail,"Darkness, lighted road",Ice,No Controls,Unincorporated,2008,0,3,1391,POINT (-88.2190487414194 40.0835199980508)
A-Injury,Fixed object,Rain,Daylight,Ice,Stop Sign/Flasher,Unincorporated,2008,0,1,1392,POINT (-88.3335178256903 40.1133209818819)
A-Injury,Rear end,Rain,Darkness,Wet,Stop Sign/Flasher,Urbana,2008,0,1,1393,POINT (-88.2156416291386 40.1174194850806)
A-Injury,Rear end,Clear,Daylight,Ice,Lane Use Marking,Mahomet,2009,0,2,1395,POINT (-88.3850286797502 40.1928726594877)
A-Injury,Rear end,Clear,Darkness,Dry,Lane Use Marking,Mahomet,2009,0,1,1396,POINT (-88.3385458717341 40.1785787960172)
A-Injury,Fixed object,Clear,Daylight,Ice,Lane Use Marking,Mahomet,2009,0,1,1397,POINT (-88.368078884438 40.1880637706973)
A-Injury,Rear end,Clear,Darkness,Dry,Lane Use Marking,Unincorporated,2009,0,2,1398,POINT (-87.9665529769675 40.1197705876945)
A-Injury,Overturned,Clear,Darkness,Dry,Lane Use Marking,Unincorporated,2009,0,1,1399,POINT (-88.3346527737752 40.1772913753962)
A-Injury,Fixed object,Clear,Darkness,Dry,Lane Use Marking,Unincorporated,2009,0,1,1400,POINT (-88.1827993417988 40.1557585674446)
A-Injury,Angle,Clear,Daylight,Snow or Slush,Stop Sign/Flasher,Champaign,2009,0,2,1401,POINT (-88.2877117147578 40.0838460086933)
A-Injury,Angle,Clear,Daylight,Dry,Stop Sign/Flasher,Champaign,2009,0,2,1402,POINT (-88.2436116373199 40.1297208565718)
A-Injury,Parked Motor Vehicle,Clear,Daylight,Dry,Lane Use Marking,Champaign,2009,0,2,1403,POINT (-88.3038308241167 40.0779843510126)
A-Injury,Pedestrian,Clear,Darkness,Dry,No Controls,Champaign,2009,0,1,1404,POINT (-88.2961372098039 40.1093545339774)
A-Injury,Rear end,Clear,Darkness,Dry,No Controls,Champaign,1999,0,1,440,POINT (-88.2579416402569 40.1329311285209)
A-Injury,Angle,Clear,Daylight,Wet,Traffic Signal,Champaign,2009,0,1,1405,POINT (-88.2426398979592 40.1163701417278)
A-Injury,Overturned,Clear,Daylight,Dry,Lane Use Marking,Unincorporated,2009,0,1,1406,POINT (-87.9579612457414 40.0240331014137)
A-Injury,Angle,Clear,Daylight,Dry,Traffic Signal,Champaign,2009,0,1,1408,POINT (-88.2468109054203 40.1126098810458)
A-Injury,Rear end,Clear,Dusk,Wet,No Controls,Urbana,2009,0,1,1409,POINT (-88.2129680277059 40.116487929368)
A-Injury,Angle,Clear,Darkness,Wet,Stop Sign/Flasher,Urbana,2009,0,1,1410,POINT (-88.2049100974708 40.0983315422663)
A-Injury,Rear end,Clear,Daylight,Dry,Traffic Signal,Champaign,2009,0,4,1411,POINT (-88.2445883723397 40.0980934446604)
A-Injury,Fixed object,Clear,Darkness,Dry,No Controls,Unincorporated,2009,0,1,1412,POINT (-88.2892969982078 40.2513445146658)
A-Injury,Fixed object,Clear,Daylight,Dry,No Controls,Unincorporated,2009,0,1,1413,POINT (-88.2380253054777 40.0252539766977)
A-Injury,Fixed object,Clear,Daylight,Ice,No Controls,Unincorporated,2009,0,2,1414,POINT (-88.3466788796399 40.3033737811627)
A-Injury,Angle,Clear,Daylight,Wet,Stop Sign/Flasher,Unincorporated,2009,0,2,1415,POINT (-88.3331986600013 40.113321132108)
A-Injury,Angle,Sleet/Hail,Daylight,Ice,Stop Sign/Flasher,Unincorporated,2009,0,3,1416,POINT (-88.1174483193597 40.312180144872)
A-Injury,Rear end,Clear,Daylight,Dry,Traffic Signal,Champaign,2009,0,1,1417,POINT (-88.2769896444952 40.12741026875)
A-Injury,Turning,Clear,Daylight,Wet,Traffic Signal,Champaign,2009,0,3,1418,POINT (-88.243718745723 40.1379711452064)
A-Injury,Rear end,Clear,Darkness,Dry,Lane Use Marking,Pesotum,2009,0,1,1419,POINT (-88.2788098815092 39.9047577144863)
A-Injury,Overturned,Clear,Daylight,Dry,Lane Use Marking,Champaign,2009,0,1,1420,POINT (-88.2603305023552 40.1353550775228)
A-Injury,Fixed object,Clear,Darkness,Wet,Lane Use Marking,Unincorporated,2009,0,1,1421,POINT (-88.3029879507436 39.9394199697757)
A-Injury,Rear end,Clear,Daylight,Wet,No Controls,Champaign,2009,0,3,1422,POINT (-88.2484911880009 40.1126102818677)
A-Injury,Rear end,Clear,Daylight,Dry,Stop Sign/Flasher,Unincorporated,2009,0,2,1423,POINT (-88.4076591938385 40.1567104094454)
A-Injury,Rear end,Clear,Daylight,Dry,Police/Flagman,Unincorporated,2009,0,2,1424,POINT (-87.9403512578475 40.1123246803121)
A-Injury,Rear end,Clear,Darkness,Dry,Lane Use Marking,Unincorporated,2009,0,2,1425,POINT (-88.1836224951564 40.2924433504031)
A-Injury,Other non collision,Clear,Daylight,Dry,Lane Use Marking,Unincorporated,2009,0,6,1426,POINT (-88.2560935923346 40.1707639418186)
A-Injury,Pedestrian,Clear,Darkness,Dry,No Controls,Champaign,2009,0,1,1427,POINT (-88.2541137366633 40.1126498233272)
A-Injury,Rear end,Rain,Daylight,Wet,Traffic Signal,Champaign,2009,0,2,1429,POINT (-88.2766696935174 40.1090111767968)
A-Injury,Angle,Clear,Daylight,Dry,No Controls,Champaign,2009,0,4,1430,POINT (-88.2765011823183 40.097713210991)
A-Injury,Overturned,Clear,Daylight,Dry,Lane Use Marking,Unincorporated,2009,0,1,1431,POINT (-88.1780898037431 40.3252162499309)
A-Injury,Parked Motor Vehicle,Clear,Daylight,Dry,Other Warning Sign,Champaign,2009,0,2,1432,POINT (-88.2378760289686 40.1349234820398)
A-Injury,Angle,Clear,Daylight,Dry,Traffic Signal,Champaign,2009,0,2,1433,POINT (-88.2768102093063 40.116460509293)
A-Injury,Angle,Clear,Daylight,Dry,Stop Sign/Flasher,Champaign,2009,0,1,1434,POINT (-88.2412117116476 40.1211185789644)
A-Injury,Other non collision,Clear,Dawn,Wet,Lane Use Marking,Unincorporated,2009,0,2,1435,POINT (-88.1518851976398 40.120311117126)
A-Injury,Rear end,Clear,Darkness,Dry,Lane Use Marking,Unincorporated,2009,0,2,1436,POINT (-88.3049373424404 40.0947297843619)
A-Injury,Head on,Rain,Daylight,Wet,No Controls,Champaign,2009,0,2,1437,POINT (-88.3004144243597 40.1276528049345)
A-Injury,Fixed object,Clear,Daylight,Dry,No Controls,Unincorporated,2009,0,1,1438,POINT (-88.1820964114315 40.1747004904734)
A-Injury,Fixed object,Clear,Daylight,Dry,No Controls,Unincorporated,2009,0,2,1439,POINT (-88.2423920395628 39.9958368941542)
A-Injury,Pedalcyclist,Clear,Daylight,Dry,Stop Sign/Flasher,Champaign,2009,0,1,1440,POINT (-88.2539690304555 40.1101398853912)
A-Injury,Turning,Clear,Daylight,Dry,Stop Sign/Flasher,Champaign,2009,0,1,1441,POINT (-88.2954789462724 40.1175591072916)
A-Injury,Angle,Clear,Daylight,Dry,Traffic Signal,Champaign,2003,0,1,98,POINT (-88.2467999536647 40.1126179344272)
A-Injury,Overturned,Clear,Daylight,Dry,Lane Use Marking,Mahomet,2009,0,1,1442,POINT (-88.3619058955841 40.1859502695142)
A-Injury,Fixed object,Clear,Daylight,Dry,No Controls,Unincorporated,2009,0,1,1443,POINT (-87.9631821233158 40.2987729719281)
A-Injury,Turning,Rain,Daylight,Wet,No Controls,Champaign,2009,0,1,1444,POINT (-88.2673987399395 40.1272944975156)
A-Injury,Rear end,Rain,Daylight,Wet,Traffic Signal,Champaign,2009,0,2,1445,POINT (-88.2766696935174 40.1090111767968)
A-Injury,Fixed object,Clear,Daylight,Dry,Lane Use Marking,Ogden,2009,0,1,1446,POINT (-87.9587565510839 40.1093256027009)
A-Injury,Angle,Clear,Daylight,Dry,Stop Sign/Flasher,Unincorporated,2009,0,3,1447,POINT (-88.1820898266952 40.189289964095)
A-Injury,Parked Motor Vehicle,Clear,"Darkness, lighted road",Dry,Lane Use Marking,Champaign,2009,0,1,1448,POINT (-88.2670975940637 40.1367798096659)
A-Injury,Angle,Clear,Daylight,Dry,Yield,Urbana,2009,0,2,1449,POINT (-88.1944787823772 40.1093703818887)
A-Injury,Angle,Clear,Darkness,Dry,Stop Sign/Flasher,Unincorporated,2009,0,2,1450,POINT (-87.9492514353823 40.3132609444267)
A-Injury,Parked Motor Vehicle,Clear,"Darkness, lighted road",Dry,No Controls,Urbana,2009,0,1,1451,POINT (-88.1760068305107 40.100483752218)
A-Injury,Parked Motor Vehicle,Clear,"Darkness, lighted road",Dry,No Controls,Urbana,2009,0,1,1452,POINT (-88.2018724216402 40.1221484838102)
A-Injury,Fixed object,Clear,Dusk,Wet,No Controls,Urbana,2009,0,2,1454,POINT (-88.1890051530383 40.1274709621705)
A-Injury,Angle,Clear,Daylight,Dry,Stop Sign/Flasher,Champaign,2000,0,3,300,POINT (-88.2389683114994 40.1380046789629)
A-Injury,Angle,Clear,"Darkness, lighted road",Dry,Traffic Signal,Champaign,1999,0,1,441,POINT (-88.2579296297565 40.1321592484929)
A-Injury,Fixed object,Clear,"Darkness, lighted road",Ice,No Controls,Rantoul,1999,0,2,442,POINT (-88.1644135647348 40.3083808612771)
A-Injury,Pedestrian,Clear,Darkness,Dry,No Controls,Champaign,2000,0,1,301,POINT (-88.2542068124424 40.1126444455948)
A-Injury,Angle,Clear,Darkness,Dry,Traffic Signal,Champaign,2008,0,1,1332,POINT (-88.3142898565332 40.0986887272057)
A-Injury,Turning,Clear,Daylight,Dry,No Controls,Urbana,2009,0,1,1455,POINT (-88.2063293339601 40.1135088613223)
A-Injury,Fixed object,Clear,Daylight,Dry,No Controls,Urbana,2009,0,1,1456,POINT (-88.2140642608729 40.0982476562213)
A-Injury,Sideswipe Opposite Direction,Clear,Daylight,Dry,No Controls,Urbana,2009,0,1,1457,POINT (-88.2003776002341 40.1255030172253)
A-Injury,Turning,Clear,Daylight,Dry,Traffic Signal,Urbana,2009,0,1,1458,POINT (-88.2049692426273 40.1163173379906)
A-Injury,Turning,Rain,Daylight,Wet,Traffic Signal,Urbana,2009,0,1,1459,POINT (-88.2049686952829 40.1163195845287)
A-Injury,Turning,Clear,Daylight,Dry,Traffic Signal,Urbana,2009,0,1,1460,POINT (-88.2195408352587 40.1273696092058)
A-Injury,Turning,Clear,Daylight,Dry,Other,Unincorporated,2009,0,2,1461,POINT (-88.1584631712597 40.1202739547377)
A-Injury,Sideswipe Same Direction,Rain,Daylight,Wet,No Controls,Champaign,2009,0,4,1462,POINT (-88.2769652063397 40.125124074953)
A-Injury,Turning,Rain,Daylight,Wet,Traffic Signal,Champaign,2009,0,1,1463,POINT (-88.2768094513089 40.1164604935505)
A-Injury,Angle,Clear,Daylight,Dry,Stop Sign/Flasher,Unincorporated,2009,0,4,1464,POINT (-88.2378607324278 40.0104694930694)
A-Injury,Fixed object,Clear,Darkness,Dry,No Controls,Unincorporated,2009,0,2,1465,POINT (-88.2775627155291 40.0249710890115)
A-Injury,Angle,Clear,Daylight,Dry,Traffic Signal,Champaign,2009,0,1,1466,POINT (-88.2468767239029 40.0835694618433)
A-Injury,Fixed object,Clear,"Darkness, lighted road",Wet,No Controls,Urbana,2009,0,1,1467,POINT (-88.1925653171254 40.1056694585873)
A-Injury,Rear end,Rain,"Darkness, lighted road",Wet,Lane Use Marking,Champaign,2009,0,4,1468,POINT (-88.2580309073629 40.135371267311)
A-Injury,Angle,Rain,"Darkness, lighted road",Wet,Traffic Signal,Champaign,2009,0,3,1469,POINT (-88.2466687457606 40.0980895304398)
A-Injury,Turning,Clear,Darkness,Dry,Lane Use Marking,Unincorporated,2009,0,1,1470,POINT (-88.4075043599489 40.1220886212648)
A-Injury,Rear end,Clear,Darkness,Dry,Lane Use Marking,Unincorporated,2009,0,1,1471,POINT (-88.1217744549423 40.1204876270967)
A-Injury,Parked Motor Vehicle,Clear,Daylight,Dry,No Controls,Urbana,2009,0,1,1472,POINT (-88.2012364765563 40.0983510352717)
A-Injury,Angle,Clear,Daylight,Dry,Other Regualtory Sig,Unincorporated,2009,0,2,1473,POINT (-88.3331986600013 40.113321132108)
A-Injury,Pedalcyclist,Clear,Daylight,Wet,Stop Sign/Flasher,Urbana,2009,0,1,1474,POINT (-88.2192505162804 40.106470328467)
A-Injury,Rear end,Clear,Daylight,Dry,No Controls,Champaign,2009,0,2,1476,POINT (-88.276440537447 40.0927558548177)
A-Injury,Angle,Clear,"Darkness, lighted road",Dry,Traffic Signal,Champaign,2009,0,1,1477,POINT (-88.2387090408223 40.1102298946413)
A-Injury,Fixed object,Clear,Daylight,Dry,No Controls,Unincorporated,2009,0,1,1478,POINT (-88.3840681690842 40.142231314055)
A-Injury,Fixed object,Clear,Daylight,Dry,No Controls,Unincorporated,2009,0,1,1479,POINT (-88.3390915369309 40.215050924959)
A-Injury,Angle,Clear,Daylight,Dry,Stop Sign/Flasher,Unincorporated,2009,0,3,1480,POINT (-88.1048111154339 40.1205905684552)
A-Injury,Rear end,Rain,Daylight,Wet,Traffic Signal,Champaign,2009,0,1,1481,POINT (-88.2304518874188 40.110319932892)
A-Injury,Pedalcyclist,Rain,Daylight,Wet,Traffic Signal,Champaign,2009,0,1,1482,POINT (-88.2689082271456 40.0982200985688)
A-Injury,Turning,Clear,Daylight,Dry,Traffic Signal,Champaign,2009,0,1,1483,POINT (-88.257799358496 40.1126598131864)
A-Injury,Other non collision,Clear,Daylight,Dry,Stop Sign/Flasher,Urbana,2009,0,1,1484,POINT (-88.2159894340316 40.1106398740126)
A-Injury,Pedestrian,Clear,Daylight,Dry,No Controls,Fisher,2009,0,1,1485,POINT (-88.3496486201198 40.3157155872327)
A-Injury,Rear end,Rain,Daylight,Wet,Traffic Signal,Champaign,2009,0,4,1486,POINT (-88.257790646342 40.1101590277394)
A-Injury,Pedalcyclist,Clear,Daylight,Dry,No Controls,Champaign,2009,0,1,1487,POINT (-88.2384601964276 40.1272310959015)
A-Injury,Fixed object,Clear,Darkness,Dry,Other Warning Sign,Unincorporated,2009,0,2,1488,POINT (-88.3470669778066 40.3621872687671)
A-Injury,Turning,Rain,Daylight,Wet,Stop Sign/Flasher,Unincorporated,2009,0,2,1489,POINT (-88.192339100694 40.1274606544892)
A-Injury,Rear end,Clear,Daylight,Dry,No Controls,Unincorporated,2009,0,1,1490,POINT (-88.2415886303107 40.1781899574735)
A-Injury,Angle,Clear,Daylight,Dry,Stop Sign/Flasher,Unincorporated,2009,0,1,1491,POINT (-88.2378607324278 40.0104694930694)
A-Injury,Angle,Clear,"Darkness, lighted road",Dry,Traffic Signal,Savoy,2009,0,1,1492,POINT (-88.2539799991713 40.0394300005311)
A-Injury,Angle,Clear,Daylight,Dry,Stop Sign/Flasher,Champaign,2009,0,1,1493,POINT (-88.2423704972236 40.1297304147468)
A-Injury,Sideswipe Same Direction,Clear,Daylight,Dry,Lane Use Marking,Champaign,2009,0,1,1494,POINT (-88.2452133243588 40.1217031395364)
A-Injury,Rear end,Clear,Daylight,Dry,Lane Use Marking,Unincorporated,2009,0,1,1496,POINT (-88.2596041266621 40.0032030140071)
A-Injury,Head on,Rain,Daylight,Wet,No Controls,Unincorporated,2009,0,1,1497,POINT (-88.2842653636592 40.1408672369714)
A-Injury,Pedestrian,Clear,Daylight,Dry,Stop Sign/Flasher,Champaign,2009,0,1,1498,POINT (-88.276599634314 40.1045673248563)
A-Injury,Turning,Clear,Daylight,Dry,No Controls,Champaign,2009,0,8,1499,POINT (-88.2531983588283 40.1271896729577)
A-Injury,Rear end,Clear,Daylight,Dry,Stop Sign/Flasher,Champaign,2009,0,2,1500,POINT (-88.2627089998404 40.1272311890865)
A-Injury,Turning,Clear,Daylight,Dry,Traffic Signal,Urbana,1999,0,2,443,POINT (-88.1987421000729 40.1285049229397)
A-Injury,Pedalcyclist,Clear,Daylight,Dry,No Controls,Champaign,2006,0,1,977,POINT (-88.2322316285441 40.1102982396598)
A-Injury,Fixed object,Rain,Daylight,Wet,Lane Use Marking,Champaign,1999,0,1,444,POINT (-88.2509170369976 40.134708626308)
A-Injury,Angle,Clear,Daylight,Dry,Stop Sign/Flasher,Urbana,2000,0,5,298,POINT (-88.162212379578 40.0859675712632)
A-Injury,Rear end,Rain,Daylight,Wet,No Controls,Urbana,2009,0,1,1501,POINT (-88.2193608010496 40.1145087753203)
A-Injury,Rear end,Clear,Daylight,Dry,No Controls,Unincorporated,2009,0,1,1502,POINT (-88.2165372440557 40.0835317897119)
A-Injury,Angle,Clear,Daylight,Dry,Stop Sign/Flasher,Urbana,2009,0,2,1503,POINT (-88.207708318539 40.1257508665441)
A-Injury,Rear end,Clear,Daylight,Dry,No Controls,Urbana,2009,0,2,1504,POINT (-88.1622970842456 40.0913984493648)
A-Injury,Pedalcyclist,Clear,Daylight,Dry,Stop Sign/Flasher,Urbana,2009,0,1,1505,POINT (-88.2073099058583 40.1092498606577)
A-Injury,Head on,Rain,Daylight,Wet,No Controls,Urbana,2009,0,3,1506,POINT (-88.2194848551495 40.1239708381432)
A-Injury,Turning,Clear,Daylight,Dry,Traffic Signal,Champaign,2009,0,1,1507,POINT (-88.2445883723397 40.0980934446604)
A-Injury,Turning,Clear,Dusk,Dry,Traffic Signal,Champaign,2009,0,3,1508,POINT (-88.2769884407887 40.1274102602036)
A-Injury,Rear end,Rain,"Darkness, lighted road",Wet,No Controls,Champaign,2009,0,2,1509,POINT (-88.276458934653 40.094978349042)
A-Injury,Fixed object,Clear,Daylight,Dry,No Controls,Unincorporated,2009,0,1,1510,POINT (-88.1062664126215 40.0257511587966)
A-Injury,Angle,Clear,Daylight,Dry,Traffic Signal,Urbana,2009,0,2,1511,POINT (-88.1621601216246 40.083989534671)
A-Injury,Fixed object,Clear,Daylight,Dry,No Controls,Champaign,2009,0,1,1512,POINT (-88.249332553923 40.0863597972364)
A-Injury,Angle,Rain,"Darkness, lighted road",Wet,Traffic Signal,Champaign,2009,0,1,1513,POINT (-88.2452112454034 40.11635067202)
A-Injury,Sideswipe Same Direction,Clear,Daylight,Dry,Traffic Signal,Unincorporated,2009,0,1,1514,POINT (-88.2760758556775 40.0837003373512)
A-Injury,Angle,Clear,Daylight,Dry,No Controls,Unincorporated,2009,0,1,1515,POINT (-88.4072910272364 40.0841605637415)
A-Injury,Angle,Clear,Daylight,Dry,No Controls,Unincorporated,2009,0,2,1516,POINT (-88.3873397711576 39.9233707323181)
A-Injury,Other Object,Clear,Darkness,Dry,Stop Sign/Flasher,Unincorporated,2009,0,1,1517,POINT (-88.3496323771018 40.0113596024182)
A-Injury,Angle,Clear,Daylight,Dry,No Controls,Unincorporated,2009,0,1,1518,POINT (-88.4034402184996 40.296440056663)
A-Injury,Angle,Clear,Daylight,Dry,No Controls,Unincorporated,2009,0,3,1519,POINT (-88.3083402033621 40.2453824473826)
A-Injury,Turning,Clear,Daylight,Dry,Lane Use Marking,Unincorporated,2009,0,3,1520,POINT (-88.426598348295 40.1105887001374)
A-Injury,Angle,Clear,Daylight,Dry,Stop Sign/Flasher,Champaign,2009,0,1,1521,POINT (-88.248518411173 40.1153315990796)
A-Injury,Pedalcyclist,Clear,Daylight,Dry,No Controls,Urbana,2009,0,1,1522,POINT (-88.2036431502207 40.1188225854273)
A-Injury,Rear end,Clear,Daylight,Dry,Lane Use Marking,Unincorporated,2009,0,1,1523,POINT (-88.1616475443797 40.0401687785057)
A-Injury,Overturned,Clear,Daylight,Dry,Lane Use Marking,Unincorporated,2009,0,1,1524,POINT (-87.9937110381332 40.1921103544779)
A-Injury,Turning,Clear,Daylight,Dry,Traffic Signal,Urbana,2009,0,3,1526,POINT (-88.1963893173081 40.1323690307135)
A-Injury,Rear end,Rain,Daylight,Wet,No Controls,Unincorporated,2009,0,1,1527,POINT (-88.2773910392569 40.1857602388392)