crash_severity,collision_type,weather,light,road_surface,traffic_control,city,year,fatality,injury,id,Geometry
A-Injury,Fixed object,Clear,Daylight,Dry,No Controls,Champaign,2009,0,1,1528,POINT (-88.2425502982375 40.1163664916369)
A-Injury,Other non collision,Clear,Daylight,Dry,No Controls,Urbana,2009,0,1,1529,POINT (-88.1956297097827 40.1066688203929)
A-Injury,Overturned,Other,Darkness,Wet,Lane Use Marking,Unincorporated,2006,0,1,834,POINT (-88.3033854530664 39.9478684901256)
A-Injury,Turning,Clear,Daylight,Wet,Traffic Signal,Champaign,2009,0,3,1530,POINT (-88.2435083971861 40.1163595734927)
A-Injury,Turning,Rain,"Darkness, lighted road",Dry,No Controls,Champaign,2009,0,1,1531,POINT (-88.2579012999034 40.1212855668128)
A-Injury,Sideswipe Same Direction,Rain,Daylight,Wet,No Controls,Urbana,2009,0,1,1532,POINT (-88.2252645340212 40.1105614893607)
A-Injury,Angle,Clear,Darkness,Dry,Traffic Signal,Champaign,2009,0,2,1533,POINT (-88.2768095617902 40.1164604963495)
A-Injury,Rear end,Clear,Daylight,Dry,No Controls,Champaign,2009,0,1,1534,POINT (-88.2653410410642 40.1365797240159)
A-Injury,Turning,Clear,Daylight,Dry,Traffic Signal,Champaign,2009,0,1,1535,POINT (-88.2689081084708 40.0982200976792)
A-Injury,Angle,Clear,Daylight,Dry,Stop Sign/Flasher,Urbana,2009,0,1,1536,POINT (-88.2049685063977 40.1056301226627)
A-Injury,Turning,Clear,Daylight,Dry,Traffic Signal,Unincorporated,2009,0,1,1537,POINT (-88.3145312017204 40.1132470157495)
A-Injury,Turning,Clear,Daylight,Dry,Stop Sign/Flasher,Thomasboro,2009,0,1,1538,POINT (-88.1830078990477 40.2388013480075)
A-Injury,Overturned,Clear,Dusk,Dry,No Controls,Unincorporated,2009,0,1,1539,POINT (-88.0963185381616 40.0840225555409)
A-Injury,Overturned,Clear,Darkness,Dry,Lane Use Marking,Unincorporated,2009,0,1,1540,POINT (-87.9933176460297 40.120041461334)
A-Injury,Pedalcyclist,Clear,Daylight,Dry,Lane Use Marking,Unincorporated,2009,0,1,1541,POINT (-88.1703056683161 40.1124224849797)
A-Injury,Angle,Clear,Daylight,Dry,Other Warning Sign,Unincorporated,2009,0,1,1542,POINT (-88.2384394288533 40.0833190815993)
A-Injury,Pedalcyclist,Clear,Daylight,Wet,No Controls,Champaign,2009,0,1,1544,POINT (-88.2387113515052 40.1103655802046)
A-Injury,Overturned,Clear,Darkness,Dry,No Controls,Unincorporated,2009,0,1,1545,POINT (-87.9535757063218 40.2988659786832)
A-Injury,Angle,Rain,Daylight,Wet,No Controls,Unincorporated,2009,0,2,1546,POINT (-88.0790792080835 40.3563912575567)
A-Injury,Rear end,Clear,Daylight,Dry,No Controls,Champaign,2009,0,2,1547,POINT (-88.2388210689595 40.1286588844238)
A-Injury,Pedalcyclist,Clear,Daylight,Dry,No Controls,Champaign,2009,0,1,1548,POINT (-88.2290687235089 40.1163957470726)
A-Injury,Fixed object,Clear,Daylight,Dry,No Controls,Rantoul,2009,0,1,1549,POINT (-88.1637694888389 40.2981571103865)
A-Injury,Angle,Clear,Darkness,Dry,Stop Sign/Flasher,Unincorporated,2009,0,3,1550,POINT (-88.2173114755257 39.9084399695433)
A-Injury,Angle,Clear,Daylight,Dry,Stop Sign/Flasher,Unincorporated,2009,0,3,1551,POINT (-88.0404794566715 40.297940883793)
A-Injury,Angle,Clear,Daylight,Dry,No Controls,Unincorporated,2009,0,3,1552,POINT (-88.1427902170715 40.040348602257)
A-Injury,Turning,Clear,Daylight,Dry,Stop Sign/Flasher,Champaign,2009,0,2,1553,POINT (-88.3080626952285 40.1277293772276)
A-Injury,Fixed object,Clear,Darkness,Wet,No Controls,Unincorporated,2009,0,1,1554,POINT (-88.2134464106127 40.3885034626663)
A-Injury,Pedalcyclist,Clear,Daylight,Dry,No Controls,Urbana,2009,0,1,1555,POINT (-88.2214698894352 40.1059893569774)
A-Injury,Turning,Rain,Daylight,Wet,Traffic Signal,Urbana,2009,0,1,1556,POINT (-88.2049686952829 40.1163195845287)
A-Injury,Angle,Clear,Daylight,Dry,No Controls,Unincorporated,2009,0,4,1557,POINT (-88.0790792080835 40.3563912575567)
A-Injury,Fixed object,Rain,Daylight,Wet,Lane Use Marking,Champaign,2009,0,1,1558,POINT (-88.2606790467045 40.1354073588864)
A-Injury,Turning,Rain,Daylight,Wet,Lane Use Marking,Champaign,2009,0,1,1559,POINT (-88.2467213289483 40.1058805272024)
A-Injury,Turning,Clear,Daylight,Dry,Stop Sign/Flasher,Champaign,2009,0,1,1560,POINT (-88.2468413012359 40.1153400322893)
A-Injury,Angle,Rain,Darkness,Wet,Traffic Signal,Champaign,2009,0,5,1561,POINT (-88.2816993592703 40.1184699093583)
A-Injury,Fixed object,Rain,Daylight,Wet,No Controls,Urbana,2009,0,2,1562,POINT (-88.204870120569 40.0951195415257)
A-Injury,Angle,Rain,Darkness,Wet,Stop Sign/Flasher,Champaign,2009,0,1,1563,POINT (-88.2817404383998 40.0983391186349)
A-Injury,Turning,Clear,Daylight,Dry,Traffic Signal,Champaign,2009,0,1,1564,POINT (-88.2579793640202 40.1321710482859)
A-Injury,Rear end,Clear,"Darkness, lighted road",Dry,Traffic Signal,Champaign,2009,0,4,1565,POINT (-88.2787260717356 40.1128491885283)
A-Injury,Parked Motor Vehicle,Clear,"Darkness, lighted road",Dry,No Controls,Champaign,2009,0,1,1566,POINT (-88.2605987334634 40.119212347291)
A-Injury,Pedestrian,Rain,Daylight,Wet,No Controls,Urbana,2009,0,1,1567,POINT (-88.2045987190108 40.11248019111)
A-Injury,Rear end,Clear,Daylight,Dry,Traffic Signal,Champaign,2009,0,1,1569,POINT (-88.2435611177968 40.1272001712059)
A-Injury,Pedestrian,Clear,Daylight,Dry,Other Warning Sign,Champaign,2009,0,1,1570,POINT (-88.2386912386381 40.1079468779865)
A-Injury,Rear end,Clear,Daylight,Dry,Traffic Signal,Urbana,2009,0,1,1571,POINT (-88.2194809957241 40.120069843808)
A-Injury,Angle,Rain,"Darkness, lighted road",Wet,Traffic Signal,Champaign,2009,0,1,1572,POINT (-88.2387090289841 40.1102291496086)
A-Injury,Sideswipe Same Direction,Clear,Daylight,Dry,Lane Use Marking,Unincorporated,2009,0,1,1573,POINT (-88.1777858300355 40.2654725154564)
A-Injury,Fixed object,Clear,Daylight,Wet,No Controls,Unincorporated,2009,0,2,1574,POINT (-87.9504723049619 40.3311055094164)
A-Injury,Rear end,Clear,Daylight,Dry,No Controls,Champaign,2009,0,2,1575,POINT (-88.2937905419077 40.1275789839681)
A-Injury,Turning,Clear,Daylight,Dry,Other Regualtory Sig,Urbana,2009,0,1,1576,POINT (-88.2022086305572 40.1273705025191)
A-Injury,Rear end,Clear,"Darkness, lighted road",Dry,No Controls,Urbana,2009,0,2,1577,POINT (-88.1784485457116 40.114069264869)
A-Injury,Fixed object,Clear,Darkness,Dry,Lane Use Marking,Unincorporated,2003,0,1,97,POINT (-88.3034671755194 39.9712225364832)
A-Injury,Turning,Rain,Darkness,Wet,No Controls,Champaign,2009,0,1,1578,POINT (-88.2772209716285 40.1386851279154)
A-Injury,Pedalcyclist,Clear,Daylight,Dry,Traffic Signal,Champaign,2009,0,1,1579,POINT (-88.2335627605609 40.1163558711113)
A-Injury,Angle,Clear,Daylight,Dry,No Controls,Champaign,2009,0,1,1580,POINT (-88.2370583667849 40.1102600803275)
A-Injury,Angle,Clear,Daylight,Dry,Stop Sign/Flasher,Unincorporated,2009,0,1,1581,POINT (-88.3331986600013 40.113321132108)
A-Injury,Turning,Rain,Dusk,Wet,Traffic Signal,Urbana,2009,0,1,1582,POINT (-88.1621603328049 40.0839895476106)
A-Injury,Pedalcyclist,Rain,Daylight,Wet,Stop Sign/Flasher,Champaign,2009,0,1,1583,POINT (-88.2353925012987 40.1126505144021)
A-Injury,Angle,Clear,Daylight,Dry,Stop Sign/Flasher,Champaign,2009,0,2,1584,POINT (-88.2500711878885 40.1163091752351)
A-Injury,Rear end,Fog/Smoke/Haze,Daylight,Wet,No Controls,Champaign,2009,0,3,1585,POINT (-88.3044954268058 40.0985875637939)
A-Injury,Rear end,Clear,Darkness,Dry,Traffic Signal,Champaign,2009,0,1,1586,POINT (-88.2334887778673 40.1040699289545)
A-Injury,Other non collision,Rain,Dawn,Wet,No Controls,Unincorporated,2009,0,1,1587,POINT (-88.3148209421938 40.1420894421985)
A-Injury,Rear end,Clear,Darkness,Dry,Lane Use Marking,Unincorporated,2009,0,1,1588,POINT (-88.4207351562756 40.1202735891778)
A-Injury,Turning,Rain,Darkness,Wet,Traffic Signal,Champaign,2009,0,1,1589,POINT (-88.2445882869078 40.0980934445949)
A-Injury,Parked Motor Vehicle,Clear,Darkness,Dry,No Controls,Champaign,2009,0,2,1590,POINT (-88.2878870866918 40.0949933510805)
A-Injury,Rear end,Clear,Daylight,Dry,Lane Use Marking,Unincorporated,2009,0,1,1592,POINT (-88.2975933875485 40.113055744739)
A-Injury,Angle,Rain,Daylight,Wet,Stop Sign/Flasher,Unincorporated,2009,0,4,1593,POINT (-88.1557405012096 40.3852887377146)
A-Injury,Fixed object,Clear,Daylight,Dry,No Controls,Unincorporated,2009,0,1,1594,POINT (-88.2585128455868 40.1891251537974)
A-Injury,Pedestrian,Clear,"Darkness, lighted road",Dry,No Controls,Urbana,2009,0,2,1595,POINT (-88.2287612428903 40.1173598488223)
A-Injury,Turning,Clear,Daylight,Wet,Stop Sign/Flasher,Champaign,1999,0,1,445,POINT (-88.2682107086129 40.1127651181772)
A-Injury,Rear end,Rain,Daylight,Wet,No Controls,Champaign,1999,0,7,446,POINT (-88.2389254670918 40.1343236259909)
A-Injury,Rear end,Clear,Daylight,Dry,No Controls,Rantoul,1999,0,1,447,POINT (-88.1834536462494 40.3168453938703)
A-Injury,Angle,Clear,Darkness,Dry,Stop Sign/Flasher,Unincorporated,2009,0,2,1596,POINT (-88.1616482687062 40.04016877052)
A-Injury,Turning,Clear,Daylight,Dry,No Controls,Urbana,2009,0,2,1597,POINT (-88.1659803096173 40.1133229381398)
A-Injury,Pedalcyclist,Rain,Daylight,Wet,Stop Sign/Flasher,Urbana,2009,0,1,1598,POINT (-88.2048612957363 40.0946794861427)
A-Injury,Fixed object,Clear,Daylight,Dry,Lane Use Marking,Urbana,2009,0,2,1599,POINT (-88.203940754159 40.135113805646)
A-Injury,Angle,Clear,Darkness,Dry,No Controls,Champaign,2009,0,3,1600,POINT (-88.2772209657949 40.1386848278735)
A-Injury,Rear end,Clear,Daylight,Dry,Lane Use Marking,Unincorporated,2009,0,2,1601,POINT (-88.207311200477 40.1352296325078)
A-Injury,Fixed object,Rain,Darkness,Wet,No Controls,Philo,2009,0,1,1602,POINT (-88.1613814160698 39.9965808789296)
A-Injury,Fixed object,Snow,Daylight,Snow or Slush,Lane Use Marking,Unincorporated,2009,0,1,1603,POINT (-88.0596145235149 40.1205785964385)
A-Injury,Rear end,Clear,Daylight,Wet,No Controls,Champaign,2009,0,1,1604,POINT (-88.2770693731702 40.1330468948834)
A-Injury,Angle,Clear,Daylight,Dry,Stop Sign/Flasher,Champaign,2009,0,3,1605,POINT (-88.2500491249575 40.1126086477286)
A-Injury,Rear end,Clear,"Darkness, lighted road",Dry,No Controls,Champaign,2009,0,2,1606,POINT (-88.2534774786327 40.0981198827392)
A-Injury,Turning,Clear,"Darkness, lighted road",Dry,Traffic Signal,Mahomet,2009,0,1,1607,POINT (-88.3652600147976 40.1842791332785)
A-Injury,Rear end,Clear,Daylight,Dry,Traffic Signal,Champaign,2009,0,1,1608,POINT (-88.2580194433672 40.1341892339031)
A-Injury,Overturned,Snow,Darkness,Snow or Slush,Lane Use Marking,Unincorporated,2009,0,1,1609,POINT (-88.3034889617065 39.9573821580027)
A-Injury,Turning,Clear,Daylight,Snow or Slush,Traffic Signal,Urbana,2009,0,1,1610,POINT (-88.1904503710332 40.0838087934435)
A-Injury,Overturned,Snow,Darkness,Snow or Slush,Lane Use Marking,Unincorporated,2009,0,2,1611,POINT (-88.3038293414476 39.9903026454263)
A-Injury,Rear end,Snow,Daylight,Snow or Slush,No Controls,Champaign,2010,0,1,1626,POINT (-88.286886 40.127529)
A-Injury,Head on,Clear,Darkness,Wet,Lane Use Marking,Unincorporated,2009,0,3,1612,POINT (-88.1821706990094 40.1952119314026)
A-Injury,Parked Motor Vehicle,Snow,Daylight,Ice,Lane Use Marking,Unincorporated,2009,0,1,1613,POINT (-88.1786167452625 40.3245494233321)
A-Injury,Turning,Clear,Daylight,Wet,Traffic Signal,Champaign,2009,0,1,1614,POINT (-88.2579776953768 40.1321703293564)
A-Injury,Rear end,Clear,Darkness,Dry,No Controls,Champaign,2009,0,2,1615,POINT (-88.2386321630873 40.1026992480365)
A-Injury,Parked Motor Vehicle,Clear,Darkness,Dry,No Controls,Urbana,2009,0,2,1616,POINT (-88.1759524618658 40.1040317253637)
A-Injury,Pedestrian,Clear,Daylight,Wet,No Controls,Unincorporated,2010,0,2,1617,POINT (-88.2734519647289 40.143943179759)
A-Injury,Angle,Fog/Smoke/Haze,Daylight,Wet,Traffic Signal,Champaign,2010,0,1,1618,POINT (-88.2451466544176 40.1125905232306)
A-Injury,Angle,Clear,Darkness,Dry,Stop Sign/Flasher,Unincorporated,2010,0,1,1619,POINT (-88.2378604571786 40.0104694955878)
A-Injury,Overturned,Clear,Darkness,Ice,No Controls,Unincorporated,2010,0,1,1620,POINT (-88.2380966847627 40.0324748731034)
A-Injury,Sideswipe Same Direction,Snow,Dusk,Ice,Lane Use Marking,Mahomet,2010,0,1,1621,POINT (-88.3941831765861 40.1966699989632)
A-Injury,Sideswipe Opposite Direction,Clear,Daylight,Wet,Lane Use Marking,Urbana,2010,0,2,1622,POINT (-88.2050757952223 40.1152268924036)
A-Injury,Angle,Clear,Daylight,Wet,Stop Sign/Flasher,Champaign,2010,0,1,1624,POINT (-88.2414510859312 40.0945098561767)
A-Injury,Turning,Clear,Daylight,Dry,No Controls,Champaign,2010,0,2,1625,POINT (-88.2670409701433 40.127295610927)
A-Injury,Angle,Clear,Daylight,Ice,Stop Sign/Flasher,Unincorporated,2010,0,2,1627,POINT (-88.4452591373895 40.1076409232397)
A-Injury,Fixed object,Clear,Darkness,Dry,No Controls,Unincorporated,2010,0,2,1628,POINT (-88.3141787257155 40.1420910696334)
A-Injury,Pedestrian,Clear,"Darkness, lighted road",Wet,No Controls,Champaign,2010,0,1,1629,POINT (-88.2337636039307 40.1214450558028)
A-Injury,Parked Motor Vehicle,Rain,Darkness,Wet,Traffic Signal,Champaign,2010,0,1,1630,POINT (-88.2436806954761 40.1325986891195)
A-Injury,Pedalcyclist,Clear,Daylight,Dry,Stop Sign/Flasher,Champaign,2010,0,1,1631,POINT (-88.2452205430016 40.1202116119752)
A-Injury,Angle,Clear,"Darkness, lighted road",Dry,Stop Sign/Flasher,Champaign,2010,0,2,1632,POINT (-88.2320504653493 40.1102999645289)
A-Injury,Rear end,Clear,Daylight,Dry,No Controls,Champaign,2010,0,3,1633,POINT (-88.2768979203512 40.1201005937755)
A-Injury,Angle,Clear,"Darkness, lighted road",Dry,Traffic Signal,Champaign,2010,0,4,1634,POINT (-88.2426392802495 40.1163716516023)
A-Injury,Overturned,Clear,Daylight,Snow or Slush,No Controls,Unincorporated,2010,0,2,1635,POINT (-88.0593179270831 40.2656857551184)
A-Injury,Rear end,Clear,Darkness,Dry,No Controls,Tolono,2010,0,1,1636,POINT (-88.2614313488925 39.9914902550683)
A-Injury,Angle,Clear,Daylight,Dry,Lane Use Marking,Unincorporated,2010,0,2,1637,POINT (-88.1616482687062 40.04016877052)
A-Injury,Rear end,Clear,Daylight,Dry,Traffic Signal,Champaign,2010,0,1,1638,POINT (-88.2579584086592 40.1380311319108)
A-Injury,Overturned,Clear,Darkness,Dry,No Controls,Bondville,2010,0,1,1640,POINT (-88.3695917615654 40.115903170059)
A-Injury,Rear end,Clear,Darkness,Dry,No Controls,Unincorporated,2010,0,3,1641,POINT (-88.3571104344051 40.3546510310295)
A-Injury,Angle,Rain,Daylight,Wet,No Controls,Unincorporated,2010,0,2,1642,POINT (-88.2163373693904 40.128761739353)
A-Injury,Other non collision,Rain,Darkness,Wet,No Controls,Mahomet,2010,0,2,1643,POINT (-88.3653275868787 40.188892297392)
A-Injury,Fixed object,Clear,Darkness,Dry,Lane Use Marking,Champaign,2010,0,1,1644,POINT (-88.289187124851 40.1508334076533)
A-Injury,Rear end,Clear,Daylight,Wet,No Controls,Champaign,2010,0,1,1645,POINT (-88.2447106161215 40.1331473571087)
A-Injury,Pedestrian,Clear,Daylight,Dry,No Controls,Champaign,2010,0,1,1646,POINT (-88.2354879465929 40.1079628421227)
A-Injury,Turning,Clear,Daylight,Dry,Stop Sign/Flasher,Unincorporated,2010,0,2,1647,POINT (-88.2745328196792 40.0836960520147)
A-Injury,Rear end,Clear,Daylight,Dry,No Controls,Champaign,2010,0,1,1648,POINT (-88.2576898000077 40.1034102930011)
A-Injury,Angle,Clear,Daylight,Dry,Stop Sign/Flasher,Champaign,2010,0,2,1649,POINT (-88.2575309666605 40.0864603619617)
A-Injury,Other Object,Clear,Daylight,Dry,No Controls,Champaign,2010,0,1,1650,POINT (-88.3267946422315 40.0987380342442)
A-Injury,Angle,Rain,"Darkness, lighted road",Wet,Traffic Signal,Champaign,2000,0,1,302,POINT (-88.2451371508181 40.112631524087)
A-Injury,Turning,Clear,Daylight,Dry,No Controls,Unincorporated,2010,0,4,1651,POINT (-88.0095686596203 39.9085290562175)
A-Injury,Fixed object,Rain,Daylight,Wet,Stop Sign/Flasher,Unincorporated,2010,0,2,1652,POINT (-88.0476517509858 40.0909511549283)
A-Injury,Head on,Clear,Darkness,Dry,Lane Use Marking,Unincorporated,2010,0,3,1653,POINT (-88.3032202036894 39.961319740867)
A-Injury,Fixed object,Clear,"Darkness, lighted road",Dry,No Controls,Urbana,2010,0,2,1654,POINT (-88.1910125413646 40.1030535589468)
A-Injury,Angle,Clear,Daylight,Dry,Stop Sign/Flasher,Unincorporated,2010,0,2,1655,POINT (-88.0476517509858 40.0909511549283)
A-Injury,Turning,Clear,Daylight,Dry,No Controls,Unincorporated,2010,0,1,1656,POINT (-88.2734613505642 40.1447692341203)
A-Injury,Turning,Clear,Daylight,Dry,No Controls,Unincorporated,2010,0,2,1657,POINT (-88.2378607314823 40.0104694030275)
A-Injury,Angle,Rain,Daylight,Wet,Stop Sign/Flasher,Unincorporated,2010,0,1,1658,POINT (-88.0476512482665 40.0909510293348)
A-Injury,Rear end,Clear,Daylight,Dry,No Controls,Champaign,2010,0,1,1659,POINT (-88.2690910100241 40.136862845006)
A-Injury,Fixed object,Clear,Darkness,Dry,Lane Use Marking,Unincorporated,2010,0,1,1660,POINT (-88.2527385147706 40.311435876729)
A-Injury,Angle,Clear,Daylight,Dry,Stop Sign/Flasher,Thomasboro,2010,0,2,1661,POINT (-88.1838599945056 40.2387994858603)
A-Injury,Rear end,Clear,Daylight,Dry,Other,Urbana,2010,0,1,1662,POINT (-88.1905580638193 40.0898675218397)
A-Injury,Pedestrian,Rain,Daylight,Wet,No Controls,Champaign,2010,0,1,1663,POINT (-88.2539429206728 40.1126495235437)
A-Injury,Angle,Clear,Dusk,Dry,Stop Sign/Flasher,Champaign,2010,0,1,1781,POINT (-88.2353901340516 40.1126505332631)
A-Injury,Sideswipe Same Direction,Clear,Daylight,Dry,Lane Use Marking,Unincorporated,2010,0,2,1664,POINT (-88.1457605880678 40.1203469689964)
A-Injury,Angle,Clear,Daylight,Dry,Traffic Signal,Urbana,2010,0,1,1665,POINT (-88.190699828222 40.0984105956338)
A-Injury,Angle,Clear,Daylight,Dry,Stop Sign/Flasher,Unincorporated,2010,0,2,1666,POINT (-88.4265984040021 40.1105873429099)
A-Injury,Pedalcyclist,Clear,Dusk,Dry,No Controls,Champaign,2010,0,1,1667,POINT (-88.2299337896495 40.125154549452)
A-Injury,Fixed object,Clear,Daylight,Dry,Lane Use Marking,Champaign,2010,0,1,1668,POINT (-88.2604829463913 40.1353779438408)
A-Injury,Rear end,Clear,Daylight,Dry,Traffic Signal,Champaign,2010,0,1,1669,POINT (-88.2801600979956 40.1274592306257)
A-Injury,Fixed object,Clear,"Darkness, lighted road",Wet,Traffic Signal,Rantoul,2010,0,1,1670,POINT (-88.1557996762123 40.3081907097621)
A-Injury,Overturned,Clear,Daylight,Dry,Lane Use Marking,Unincorporated,2010,0,5,1671,POINT (-88.3037020095833 40.0697662079929)
A-Injury,Angle,Clear,Daylight,Dry,Traffic Signal,Champaign,2010,0,3,1673,POINT (-88.2579039770263 40.1182694456578)
A-Injury,Turning,Clear,"Darkness, lighted road",Dry,Traffic Signal,Champaign,2003,0,2,25,POINT (-88.2436555703959 40.1336166413166)
A-Injury,Turning,Clear,Daylight,Dry,Lane Use Marking,Unincorporated,2010,0,1,1674,POINT (-88.3147312645699 40.1603995030077)
A-Injury,Other Object,Clear,Daylight,Dry,Lane Use Marking,Unincorporated,2010,0,2,1675,POINT (-88.3024722898142 39.9265340008974)
A-Injury,Other non collision,Clear,Darkness,Wet,No Controls,Champaign,2010,0,1,1676,POINT (-88.2423616658368 40.1119845563406)
A-Injury,Angle,Clear,Daylight,Dry,Stop Sign/Flasher,Thomasboro,2010,0,1,1677,POINT (-88.1824610674717 40.2533901115949)
A-Injury,Fixed object,Clear,Daylight,Dry,Traffic Signal,Champaign,2010,0,2,1678,POINT (-88.2582052646786 40.0836061198006)
A-Injury,Overturned,Rain,Daylight,Wet,Lane Use Marking,Champaign,2010,0,3,1679,POINT (-88.2821194793268 40.1468747405076)
A-Injury,Fixed object,Clear,Daylight,Dry,No Controls,Unincorporated,2010,0,1,1680,POINT (-88.1439803421724 40.0549097100719)
A-Injury,Overturned,Clear,Daylight,Dry,Lane Use Marking,Unincorporated,2010,0,1,1681,POINT (-87.9453130465929 40.1117223312414)
A-Injury,Angle,Clear,Daylight,Dry,Traffic Signal,Urbana,2010,0,2,1682,POINT (-88.1994298728964 40.1273891910681)
A-Injury,Fixed object,Clear,Daylight,Dry,No Controls,Unincorporated,2010,0,1,1683,POINT (-88.3652600177603 40.1906371669864)
A-Injury,Rear end,Clear,Daylight,Dry,No Controls,Urbana,2010,0,1,1684,POINT (-88.2100403803609 40.1165077039458)
A-Injury,Turning,Clear,Daylight,Dry,Traffic Signal,Urbana,2010,0,1,1685,POINT (-88.2050012736326 40.1124497905026)
A-Injury,Rear end,Fog/Smoke/Haze,Daylight,Dry,Lane Use Marking,Unincorporated,2010,0,8,1686,POINT (-87.9587210372465 40.3132280271757)
A-Injury,Angle,Clear,Dusk,Dry,No Controls,Unincorporated,2010,0,3,1688,POINT (-88.0662164301673 39.9233985937396)
A-Injury,Rear end,Clear,Daylight,Dry,Lane Use Marking,Unincorporated,2010,0,3,1689,POINT (-88.09715364394 40.1206301839172)
A-Injury,Angle,Clear,Daylight,Dry,Stop Sign/Flasher,Champaign,2010,0,3,1690,POINT (-88.2672494423595 40.1127493520732)
A-Injury,Fixed object,Clear,Daylight,Dry,Lane Use Marking,Urbana,2010,0,3,1691,POINT (-88.2308654436112 40.1349921364717)
A-Injury,Turning,Clear,Daylight,Dry,Traffic Signal,Urbana,2010,0,1,1692,POINT (-88.2195511187013 40.1341497411231)
A-Injury,Fixed object,Rain,Daylight,Wet,Lane Use Marking,Champaign,2010,0,1,1693,POINT (-88.2394295393062 40.1347786316239)
A-Injury,Fixed object,Clear,Daylight,Wet,Lane Use Marking,Champaign,2010,0,1,1695,POINT (-88.2832682983505 40.1457772067206)
A-Injury,Fixed object,Clear,Daylight,Dry,Lane Use Marking,Unincorporated,2010,0,1,1696,POINT (-88.1333198246479 40.3707608263186)
A-Injury,Rear end,Clear,Daylight,Dry,Traffic Signal,Urbana,2010,0,1,1697,POINT (-88.2193810329228 40.1164311332562)
A-Injury,Turning,Clear,Darkness,Dry,Traffic Signal,Champaign,2010,0,2,1698,POINT (-88.2579034475667 40.1182706594738)
A-Injury,Turning,Clear,Darkness,Dry,Traffic Signal,Champaign,2010,0,3,1699,POINT (-88.2468761563827 40.0835694625178)
A-Injury,Angle,Clear,Daylight,Dry,Traffic Signal,Champaign,2000,0,2,303,POINT (-88.2578465808394 40.1182575235972)
A-Injury,Rear end,Clear,Daylight,Dry,Lane Use Marking,Unincorporated,2000,0,1,305,POINT (-87.9938465319199 40.1199614265931)
A-Injury,Angle,Clear,Daylight,Dry,Stop Sign/Flasher,Unincorporated,2010,0,2,1700,POINT (-88.0665285289108 39.9818195424254)
A-Injury,Angle,Clear,Daylight,Dry,Lane Use Marking,Champaign,2010,0,1,1701,POINT (-88.2726288860386 40.1128033431295)
A-Injury,Rear end,Clear,Daylight,Dry,Traffic Signal,Champaign,2010,0,1,1702,POINT (-88.2385206856358 40.0980391908685)
A-Injury,Turning,Clear,Daylight,Dry,No Controls,Champaign,2010,0,1,1703,POINT (-88.2506108230905 40.1420402862221)
A-Injury,Angle,Rain,"Darkness, lighted road",Wet,No Controls,Champaign,2010,0,3,1704,POINT (-88.2304285568393 40.116361229086)
A-Injury,Rear end,Clear,Daylight,Dry,Lane Use Marking,Unincorporated,2010,0,1,1705,POINT (-88.3048212262454 40.1160911194946)
A-Injury,Turning,Clear,Dusk,Dry,Stop Sign/Flasher,Urbana,2010,0,1,1706,POINT (-88.2276484772938 40.1273355010035)
A-Injury,Pedestrian,Clear,Daylight,Dry,No Controls,Champaign,2010,0,1,1707,POINT (-88.2511423237451 40.1288032649433)
A-Injury,Rear end,Rain,Daylight,Wet,Lane Use Marking,Unincorporated,2010,0,1,1708,POINT (-88.303611437567 39.9705425761115)
A-Injury,Rear end,Clear,Daylight,Dry,No Controls,Champaign,2010,0,1,1709,POINT (-88.2387277614997 40.1163404709011)
A-Injury,Angle,Clear,Darkness,Dry,Stop Sign/Flasher,Philo,2010,0,1,1710,POINT (-88.1614152990513 40.0110627745879)
A-Injury,Fixed object,Clear,Daylight,Dry,Lane Use Marking,Unincorporated,2010,0,1,1711,POINT (-88.270946743474 40.3113130688214)
A-Injury,Fixed object,Clear,Daylight,Dry,Lane Use Marking,Unincorporated,2010,0,1,1712,POINT (-87.9924879654565 40.1125339920266)
A-Injury,Turning,Clear,Daylight,Dry,No Controls,Rantoul,2010,0,1,1713,POINT (-88.1722505626181 40.308289992295)
A-Injury,Parked Motor Vehicle,Clear,Daylight,Dry,Lane Use Marking,Champaign,2010,0,1,1714,POINT (-88.2524169464905 40.1126358479748)
A-Injury,Sideswipe Opposite Direction,Clear,Daylight,Dry,Stop Sign/Flasher,Champaign,2010,0,1,1715,POINT (-88.2868632449939 40.1275188563577)
A-Injury,Angle,Clear,Daylight,Dry,Stop Sign/Flasher,Urbana,2010,0,1,1716,POINT (-88.2131390628322 40.109169949398)
A-Injury,Turning,Clear,Daylight,Dry,Traffic Signal,Champaign,2010,0,2,1717,POINT (-88.2828293462171 40.1128913552239)
A-Injury,Turning,Clear,Daylight,Dry,No Controls,Champaign,2010,0,2,1718,POINT (-88.2488594932418 40.098105752555)