crash_severity,collision_type,weather,light,road_surface,traffic_control,city,year,fatality,injury,id,Geometry
A-Injury,Fixed object,Rain,Darkness,Wet,Lane Use Marking,Unincorporated,2010,0,2,1719,POINT (-88.1425416567529 40.3722067287265)
A-Injury,Pedestrian,Clear,"Darkness, lighted road",Dry,No Controls,Urbana,2010,0,1,1720,POINT (-88.2222074647494 40.1164201568227)
A-Injury,Rear end,Clear,Daylight,Dry,Lane Use Marking,Unincorporated,2010,0,2,1722,POINT (-88.1443795516422 40.1203550083532)
A-Injury,Rear end,Clear,Daylight,Dry,Lane Use Marking,Urbana,2010,0,3,1723,POINT (-88.1546756353331 40.1133458293378)
A-Injury,Angle,Clear,Daylight,Dry,Stop Sign/Flasher,Champaign,2010,0,1,1724,POINT (-88.2353909905643 40.1126586026873)
A-Injury,Rear end,Clear,Daylight,Dry,Lane Use Marking,Urbana,2010,0,3,1725,POINT (-88.1630975677909 40.1202483820557)
A-Injury,Overturned,Clear,Daylight,Dry,Lane Use Marking,Unincorporated,2010,0,1,1726,POINT (-88.2521676216181 40.174647516557)
A-Injury,Angle,Clear,Daylight,Dry,Stop Sign/Flasher,Champaign,2010,0,1,1727,POINT (-88.2558288111419 40.1101403890726)
A-Injury,Angle,Clear,Daylight,Dry,Stop Sign/Flasher,Unincorporated,2010,0,2,1728,POINT (-88.097818456942 40.3123799983885)
A-Injury,Turning,Clear,Daylight,Dry,No Controls,Unincorporated,2010,0,3,1729,POINT (-88.2414402383051 40.1780163453503)
A-Injury,Angle,Clear,Daylight,Dry,Traffic Signal,Champaign,2010,0,3,1730,POINT (-88.2579034068723 40.1182673622994)
A-Injury,Sideswipe Same Direction,Clear,Daylight,Dry,Lane Use Marking,Mahomet,2010,0,7,1731,POINT (-88.3524997496463 40.182931064505)
A-Injury,Overturned,Clear,Daylight,Dry,Lane Use Marking,Unincorporated,2010,0,3,1732,POINT (-88.3845508010721 40.2830161292789)
A-Injury,Pedalcyclist,Clear,Daylight,Dry,No Controls,Urbana,2010,0,1,1733,POINT (-88.1906703141254 40.0949729123587)
A-Injury,Angle,Clear,Daylight,Dry,Stop Sign/Flasher,Champaign,2010,0,4,1734,POINT (-88.2320814992505 40.1126803203407)
A-Injury,Pedalcyclist,Clear,Daylight,Dry,Stop Sign/Flasher,Champaign,2010,0,1,1735,POINT (-88.2451672678201 40.1144299014552)
A-Injury,Fixed object,Clear,Daylight,Dry,No Controls,Champaign,2010,0,2,1737,POINT (-88.3254131758301 40.0908597427998)
A-Injury,Turning,Rain,Daylight,Wet,Stop Sign/Flasher,Urbana,2010,0,1,1738,POINT (-88.2224096457622 40.1164185438028)
A-Injury,Pedestrian,Clear,"Darkness, lighted road",Dry,No Controls,Champaign,2010,0,1,1739,POINT (-88.2764162169815 40.1128462301025)
A-Injury,Angle,Clear,Daylight,Dry,Traffic Signal,Urbana,2010,0,2,1740,POINT (-88.1994299669474 40.1273891911769)
A-Injury,Pedestrian,Clear,Daylight,Dry,No Controls,Champaign,2010,0,1,1741,POINT (-88.2859157243488 40.0983813394834)
A-Injury,Rear end,Clear,Daylight,Dry,Lane Use Marking,Unincorporated,2010,0,2,1742,POINT (-88.0612127943869 40.1205848042224)
A-Injury,Rear end,Clear,Daylight,Dry,No Controls,Champaign,2010,0,1,1743,POINT (-88.236503455223 40.1126428576862)
A-Injury,Turning,Clear,Daylight,Dry,Traffic Signal,Urbana,2010,0,1,1744,POINT (-88.2049685300961 40.1163195835221)
A-Injury,Rear end,Clear,Daylight,Dry,No Controls,Champaign,2010,0,3,1745,POINT (-88.2770744478311 40.1554200074108)
A-Injury,Rear end,Clear,Darkness,Dry,No Controls,Champaign,2010,0,2,1746,POINT (-88.2665213140936 40.0981996892497)
A-Injury,Overturned,Clear,Darkness,Dry,Lane Use Marking,Mahomet,2010,0,1,1747,POINT (-88.3629779784741 40.1860010385956)
A-Injury,Other non collision,Clear,Darkness,Dry,No Controls,Champaign,2010,0,1,1748,POINT (-88.2739668144699 40.1118751951921)
A-Injury,Fixed object,Clear,Daylight,Dry,Lane Use Marking,Unincorporated,2010,0,1,1750,POINT (-88.3073468606093 40.1189667967367)
A-Injury,Rear end,Clear,Daylight,Dry,No Controls,Urbana,2010,0,1,1751,POINT (-88.2287586669874 40.1103520141878)
A-Injury,Angle,Clear,Daylight,Dry,Traffic Signal,Champaign,2010,0,1,1752,POINT (-88.2445883723397 40.0980934446604)
A-Injury,Angle,Clear,Daylight,Wet,Lane Use Marking,Champaign,2010,0,1,1753,POINT (-88.2809214460413 40.143467794061)
A-Injury,Pedestrian,Clear,Daylight,Dry,Traffic Signal,Champaign,2010,0,1,1754,POINT (-88.2445883723397 40.0980934446604)
A-Injury,Other non collision,Clear,Daylight,Dry,Stop Sign/Flasher,Champaign,2010,0,1,1755,POINT (-88.2652381377581 40.1272700113664)
A-Injury,Sideswipe Same Direction,Clear,Daylight,Dry,Lane Use Marking,Urbana,2010,0,1,1756,POINT (-88.1949325583991 40.1337352937578)
A-Injury,Pedalcyclist,Clear,Daylight,Dry,Lane Use Marking,Champaign,2010,0,1,1757,POINT (-88.233343396156 40.1102842271743)
A-Injury,Turning,Clear,Daylight,Dry,Traffic Signal,Savoy,2010,0,2,1758,POINT (-88.2483711021516 40.0741488759426)
A-Injury,Turning,Clear,Daylight,Dry,No Controls,Champaign,2010,0,1,1759,POINT (-88.2284383860912 40.1273404960089)
A-Injury,Fixed object,Clear,Darkness,Dry,No Controls,Unincorporated,2010,0,1,1760,POINT (-87.9884985913533 40.3405955422466)
A-Injury,Sideswipe Opposite Direction,Clear,Daylight,Dry,No Controls,Urbana,2010,0,1,1761,POINT (-88.1731731583684 40.112706260766)
A-Injury,Fixed object,Clear,Daylight,Dry,No Controls,Champaign,2010,0,2,1762,POINT (-88.2468767239029 40.0835694618433)
A-Injury,Fixed object,Clear,Darkness,Dry,No Controls,Champaign,2010,0,1,1763,POINT (-88.232258548618 40.1272994789221)
A-Injury,Rear end,Clear,Daylight,Dry,No Controls,Champaign,2010,0,1,1764,POINT (-88.2652396312148 40.1272699285188)
A-Injury,Fixed object,Clear,Daylight,Dry,Stop Sign/Flasher,Urbana,2010,0,1,1765,POINT (-88.2089224010542 40.1107593759899)
A-Injury,Rear end,Clear,Daylight,Dry,No Controls,Champaign,2010,0,1,1766,POINT (-88.2452293614869 40.1181764289361)
A-Injury,Angle,Clear,Darkness,Dry,Lane Use Marking,Unincorporated,2010,0,2,1767,POINT (-88.2999859561036 40.1600308076699)
A-Injury,Fixed object,Clear,Daylight,Dry,No Controls,Champaign,2010,0,2,1768,POINT (-88.2952012269132 40.0985978334196)
A-Injury,Pedestrian,Rain,Darkness,Wet,Traffic Signal,Champaign,2009,0,1,1591,POINT (-88.2335626825195 40.1163554469249)
A-Injury,Overturned,Clear,Darkness,Dry,No Controls,Urbana,2010,0,1,1770,POINT (-88.1944113938459 40.0858609133501)
A-Injury,Fixed object,Clear,Darkness,Dry,Lane Use Marking,Unincorporated,2010,0,1,1771,POINT (-88.3848355040633 40.3266590916108)
A-Injury,Fixed object,Clear,Daylight,Dry,No Controls,Broadlands,2010,0,1,1772,POINT (-87.9945685680859 39.908900008685)
A-Injury,Rear end,Clear,Daylight,Dry,No Controls,Urbana,2010,0,1,1773,POINT (-88.2005594901837 40.1163192223279)
A-Injury,Sideswipe Same Direction,Clear,Daylight,Dry,Lane Use Marking,Unincorporated,2010,0,1,1774,POINT (-87.9892800974233 40.1198552638274)
A-Injury,Rear end,Clear,Daylight,Dry,Lane Use Marking,Champaign,2010,0,1,1775,POINT (-88.2434705461323 40.1102212697797)
A-Injury,Rear end,Clear,Daylight,Dry,No Controls,Champaign,2010,0,1,1776,POINT (-88.2764589211934 40.0950606421885)
A-Injury,Turning,Clear,Daylight,Dry,No Controls,Champaign,2010,0,1,1777,POINT (-88.2769940475864 40.1276889803488)
A-Injury,Turning,Clear,"Darkness, lighted road",Dry,Stop Sign/Flasher,Champaign,2010,0,5,1778,POINT (-88.276560455285 40.1023700001551)
A-Injury,Angle,Clear,Daylight,Dry,Stop Sign/Flasher,Champaign,2010,0,1,1779,POINT (-88.2625000686593 40.1126795743781)
A-Injury,Sideswipe Opposite Direction,Rain,Daylight,Ice,Lane Use Marking,Champaign,2010,0,2,1780,POINT (-88.2709244708879 40.1570713992281)
A-Injury,Angle,Clear,Daylight,Dry,No Controls,Unincorporated,2010,0,3,1782,POINT (-88.0473710763459 39.9232504896342)
A-Injury,Pedalcyclist,Rain,"Darkness, lighted road",Dry,Traffic Signal,Rantoul,2010,0,1,1783,POINT (-88.1365217326012 40.3121193053789)
A-Injury,Turning,Clear,Daylight,Dry,No Controls,Champaign,2010,0,2,1785,POINT (-88.2382839315598 40.1272310971374)
A-Injury,Rear end,Sleet/Hail,Daylight,Ice,No Controls,Champaign,2010,0,1,1786,POINT (-88.2772871723743 40.1405667416867)
A-Injury,Angle,Clear,Daylight,Dry,Traffic Signal,Champaign,2010,0,1,1787,POINT (-88.2466687457606 40.0980895304398)
A-Injury,Rear end,Clear,Daylight,Dry,No Controls,Champaign,2010,0,1,1788,POINT (-88.2388293565977 40.1295095611103)
A-Injury,Overturned,Clear,Daylight,Dry,Lane Use Marking,Unincorporated,2010,0,2,1789,POINT (-88.1977966112646 40.2375000929589)
A-Injury,Sideswipe Same Direction,Clear,Daylight,Dry,Lane Use Marking,Unincorporated,2010,0,5,1790,POINT (-88.0031077723086 40.120125214688)
A-Injury,Sideswipe Same Direction,Clear,Daylight,Ice,Lane Use Marking,Unincorporated,2010,0,1,1791,POINT (-88.187559704383 40.2622647028088)
A-Injury,Fixed object,Clear,Daylight,Dry,No Controls,Champaign,1999,0,2,448,POINT (-88.3049669289858 40.1122849616436)
A-Injury,Pedestrian,Clear,Daylight,Snow or Slush,Traffic Signal,Champaign,2010,0,1,1792,POINT (-88.2860601406215 40.112910943994)
A-Injury,Pedestrian,Snow,Darkness,Snow or Slush,No Controls,Unincorporated,2010,0,1,1793,POINT (-88.1715224575134 40.1077304067223)
A-Injury,Turning,Rain,Darkness,Wet,No Controls,Champaign,2010,0,1,1794,POINT (-88.2769890662438 40.1274102649)
A-Injury,Overturned,Clear,Daylight,Dry,No Controls,Unincorporated,2000,0,2,306,POINT (-88.2691703609613 39.8973916547181)
A-Injury,Rear end,Clear,Daylight,Dry,No Controls,Unincorporated,2000,0,2,307,POINT (-88.3134498678013 40.1596197535617)
A-Injury,Fixed object,Clear,Darkness,Ice,Lane Use Marking,Urbana,2010,0,9,1795,POINT (-88.2185697112979 40.1351183668235)
A-Injury,Pedestrian,Clear,Darkness,Dry,No Controls,Champaign,2010,0,1,1796,POINT (-88.26845498276 40.1273118204988)
A-Injury,Sideswipe Opposite Direction,Clear,Darkness,Dry,Lane Use Marking,Unincorporated,2010,0,3,1797,POINT (-88.3035157327827 40.0277943427626)
A-Injury,Fixed object,Clear,"Darkness, lighted road",Dry,No Controls,Unincorporated,2010,0,1,1798,POINT (-88.3795998353655 40.196669875181)
A-Injury,Turning,Clear,Daylight,Dry,Traffic Signal,Champaign,2011,0,2,1799,POINT (-88.243560181578 40.1272001713038)
A-Injury,Fixed object,Snow,Daylight,Ice,Lane Use Marking,Unincorporated,2011,0,3,1800,POINT (-88.2707258061173 39.8986645953287)
A-Injury,Fixed object,Clear,Daylight,Dry,Lane Use Marking,Unincorporated,2011,0,1,1801,POINT (-87.9921765878156 40.1125315676622)
A-Injury,Angle,Clear,Daylight,Dry,Stop Sign/Flasher,Unincorporated,2011,0,2,1802,POINT (-88.1245892131547 40.1133486448991)
A-Injury,Turning,Clear,Daylight,Dry,Traffic Signal,Champaign,2011,0,1,1803,POINT (-88.2468109034362 40.1126097539457)
A-Injury,Rear end,Snow,Daylight,Snow or Slush,Lane Use Marking,Champaign,2011,0,1,1804,POINT (-88.304853081483 40.1188902381461)
A-Injury,Fixed object,Clear,Darkness,Ice,Lane Use Marking,Unincorporated,2011,0,3,1805,POINT (-88.1819845513831 40.166146845031)
A-Injury,Angle,Clear,"Darkness, lighted road",Snow or Slush,Traffic Signal,Champaign,2011,0,4,1806,POINT (-88.2579054701893 40.1182694584342)
A-Injury,Turning,Clear,Darkness,Dry,Traffic Signal,Champaign,2011,0,2,1807,POINT (-88.2436199797834 40.1336105605322)
A-Injury,Angle,Clear,Daylight,Wet,Lane Use Marking,Champaign,2011,0,1,1808,POINT (-88.2869514909994 40.14901180362)
A-Injury,Fixed object,Other,Daylight,Ice,Lane Use Marking,Unincorporated,2011,0,1,1809,POINT (-88.4626929317984 40.212579620865)
A-Injury,Sideswipe Same Direction,Clear,"Darkness, lighted road",Dry,Lane Use Marking,Champaign,2011,0,1,1810,POINT (-88.2627113439375 40.1357482322688)
A-Injury,Rear end,Clear,"Darkness, lighted road",Dry,Lane Use Marking,Urbana,2011,0,2,1811,POINT (-88.2041264923993 40.1349972843112)
A-Injury,Train,Rain,Darkness,Wet,RR Crossing Gate,Champaign,2011,0,2,1812,POINT (-88.2360386104303 40.1272692806289)
A-Injury,Overturned,Sleet/Hail,Darkness,Ice,Lane Use Marking,Unincorporated,2011,0,2,1813,POINT (-88.3038055828128 40.049886704009)
A-Injury,Overturned,Clear,Daylight,Dry,Lane Use Marking,Unincorporated,2011,0,1,1815,POINT (-88.3035446858195 40.0553870660356)
A-Injury,Overturned,Rain,Daylight,Ice,Lane Use Marking,Unincorporated,2011,0,2,1816,POINT (-88.3039192408031 40.0606415638655)
A-Injury,Overturned,Clear,Darkness,Ice,Lane Use Marking,Unincorporated,2011,0,3,1817,POINT (-88.3848925104344 40.3529373002495)
A-Injury,Turning,Snow,Daylight,Ice,Lane Use Marking,Champaign,2011,0,2,1818,POINT (-88.2727495963825 40.1572387478047)
A-Injury,Pedalcyclist,Clear,Daylight,Dry,Traffic Signal,Urbana,2011,0,1,1819,POINT (-88.2194809671345 40.1200694053865)
A-Injury,Overturned,Clear,Darkness,Dry,Lane Use Marking,Unincorporated,2011,0,1,1820,POINT (-88.1838011551163 40.2816365561753)
A-Injury,Pedestrian,Clear,Darkness,Dry,Other,Champaign,2011,0,1,1821,POINT (-88.2435091115853 40.1163595649879)
A-Injury,Angle,Clear,Daylight,Dry,Traffic Signal,Urbana,2011,0,2,1822,POINT (-88.1904503710332 40.0838087934435)
A-Injury,Turning,Clear,Daylight,Dry,Traffic Signal,Champaign,2011,0,1,1823,POINT (-88.2468489588096 40.1163408818701)
A-Injury,Angle,Clear,"Darkness, lighted road",Dry,Stop Sign/Flasher,Champaign,2011,0,2,1824,POINT (-88.2468413169619 40.1153414482278)
A-Injury,Fixed object,Clear,Daylight,"Sand, mud, dirt",No Controls,Mahomet,2011,0,5,1825,POINT (-88.4208233782582 40.1749860708122)
A-Injury,Sideswipe Same Direction,Clear,Daylight,Dry,No Controls,Urbana,2011,0,1,1826,POINT (-88.2194814125894 40.125104836724)
A-Injury,Head on,Clear,Daylight,Dry,No Controls,Rantoul,2011,0,2,1827,POINT (-88.1687722128656 40.2871537966663)
A-Injury,Pedestrian,Rain,"Darkness, lighted road",Wet,Traffic Signal,Urbana,2011,0,1,1828,POINT (-88.1906998147208 40.0984098714558)
A-Injury,Rear end,Clear,Daylight,Dry,No Controls,Urbana,2011,0,3,1829,POINT (-88.2049970570614 40.1035539273001)
A-Injury,Turning,Rain,Daylight,Wet,Stop Sign/Flasher,Urbana,2011,0,1,1830,POINT (-88.1784406523811 40.112990613851)
A-Injury,Overturned,Clear,Daylight,Ice,No Controls,Unincorporated,2011,0,5,1831,POINT (-88.3039478916707 40.0253799337323)
A-Injury,Fixed object,Clear,Daylight,Dry,Lane Use Marking,Unincorporated,2011,0,2,1833,POINT (-88.143373262508 40.3711879291767)
A-Injury,Overturned,Clear,Darkness,Dry,No Controls,Unincorporated,2011,0,2,1834,POINT (-88.312363343962 39.9481535846636)
A-Injury,Rear end,Clear,"Darkness, lighted road",Dry,Traffic Signal,Champaign,2011,0,1,1835,POINT (-88.2387294870596 40.1163404588595)
A-Injury,Overturned,Clear,Darkness,Dry,Lane Use Marking,Unincorporated,2011,0,1,1836,POINT (-88.2582302865624 40.010778736286)
A-Injury,Turning,Clear,Daylight,Dry,Traffic Signal,Urbana,2011,0,1,1837,POINT (-88.208930575988 40.1124394417019)
A-Injury,Rear end,Clear,Daylight,Dry,No Controls,Unincorporated,2011,0,2,1838,POINT (-88.3109710945505 40.1132209639359)
A-Injury,Angle,Clear,Daylight,Dry,Traffic Signal,Champaign,1999,0,1,449,POINT (-88.2467409787724 40.0848197129335)
A-Injury,Overturned,Clear,Daylight,Dry,Lane Use Marking,Unincorporated,1999,0,4,450,POINT (-88.1835857714899 40.2769346753097)
A-Injury,Angle,Clear,Daylight,Wet,Lane Use Marking,Unincorporated,2000,0,2,304,GEOMETRYCOLLECTION EMPTY
A-Injury,Fixed object,Clear,Daylight,Dry,No Controls,Rantoul,2011,0,1,1839,POINT (-88.1549968616189 40.3119994747397)
A-Injury,Sideswipe Same Direction,Clear,Darkness,Dry,Lane Use Marking,Unincorporated,2011,0,1,1840,POINT (-88.1837863691548 40.2803269452229)
A-Injury,Overturned,Clear,Darkness,Dry,No Controls,Unincorporated,2000,0,1,308,POINT (-88.2929675414464 39.8809479974438)
A-Injury,Fixed object,Clear,Darkness,Dry,No Controls,Unincorporated,2000,0,2,309,POINT (-87.9598971774902 40.1432924868889)
A-Injury,Other non collision,Clear,Darkness,Dry,Lane Use Marking,Unincorporated,2000,0,1,310,GEOMETRYCOLLECTION EMPTY
A-Injury,Rear end,Rain,Daylight,Wet,Stop Sign/Flasher,Champaign,2011,0,2,1841,POINT (-88.2952095271554 40.0933010120688)
A-Injury,Rear end,Clear,Daylight,Dry,Police/Flagman,Champaign,2011,0,2,1842,POINT (-88.2626814759978 40.112679825728)
A-Injury,Overturned,Severe cross wind,"Darkness, lighted road",Wet,Lane Use Marking,Champaign,2011,0,2,1843,POINT (-88.2782265971872 40.1414111551128)
A-Injury,Fixed object,Rain,Darkness,Wet,Stop Sign/Flasher,Unincorporated,2011,0,1,1844,POINT (-88.209270603277 40.0545489182813)
A-Injury,Fixed object,Severe cross wind,Darkness,Wet,Lane Use Marking,Champaign,2011,0,1,1845,POINT (-88.269602963025 40.1373798214968)
A-Injury,Angle,Rain,Daylight,Wet,No Controls,Unincorporated,2011,0,1,1846,POINT (-88.4252803067834 39.9231701090237)
A-Injury,Turning,Clear,Daylight,Dry,Stop Sign/Flasher,Tolono,2011,0,2,1847,POINT (-88.2636655823843 39.9813244743015)
A-Injury,Overturned,Clear,"Darkness, lighted road",Dry,Lane Use Marking,Champaign,2011,0,2,1848,POINT (-88.3025464365707 40.1207589897691)
A-Injury,Turning,Clear,Daylight,Dry,No Controls,Urbana,2011,0,1,1849,POINT (-88.1978096430996 40.1109094656139)
A-Injury,Overturned,Clear,"Darkness, lighted road",Dry,Lane Use Marking,Champaign,2011,0,1,1850,POINT (-88.3041512806812 40.0814431169925)
A-Injury,Pedalcyclist,Clear,Daylight,Dry,No Controls,Champaign,2011,0,1,1851,POINT (-88.2575734336513 40.1090310042719)
A-Injury,Rear end,Clear,Daylight,Dry,No Controls,Urbana,2011,0,1,1852,POINT (-88.1991518972816 40.1278681849447)
A-Injury,Angle,Rain,Daylight,Wet,Stop Sign/Flasher,Unincorporated,2011,0,2,1853,POINT (-87.9585197567854 40.0762200477636)
A-Injury,Angle,Clear,Daylight,Dry,Traffic Signal,Urbana,2011,0,1,1854,POINT (-88.1621603328049 40.0839895476106)
A-Injury,Rear end,Clear,Daylight,Dry,Lane Use Marking,Unincorporated,2011,0,1,1855,POINT (-88.093789758407 40.1207994243444)
A-Injury,Angle,Clear,Daylight,Dry,Stop Sign/Flasher,Savoy,2011,0,2,1856,POINT (-88.254410224709 40.069030559561)
A-Injury,Fixed object,Rain,Daylight,Wet,Lane Use Marking,Champaign,2011,0,2,1857,POINT (-88.2832774090151 40.1457978139629)
A-Injury,Rear end,Clear,Daylight,Dry,No Controls,Champaign,2011,0,2,1858,POINT (-88.2952431097003 40.1093487092503)
A-Injury,Rear end,Clear,Daylight,Dry,NA,Urbana,2011,0,1,1859,POINT (-88.2049100886999 40.0983310739398)
A-Injury,Turning,Clear,Daylight,Dry,No Controls,Champaign,2011,0,1,1860,POINT (-88.2577507153234 40.10903019856)
A-Injury,Pedalcyclist,Clear,Daylight,Dry,No Controls,Urbana,2011,0,1,1862,POINT (-88.2271221332278 40.1127484006515)
A-Injury,Turning,Clear,Daylight,Dry,Stop Sign/Flasher,Rantoul,2011,0,1,1863,POINT (-88.1556717398397 40.2965507432887)
A-Injury,Rear end,Clear,Daylight,Dry,Lane Use Marking,Champaign,2011,0,1,1864,POINT (-88.2625000686593 40.1126795743781)
A-Injury,Turning,Clear,Daylight,Dry,No Controls,Unincorporated,2011,0,3,1865,POINT (-88.3497702739653 40.0257813038778)
A-Injury,Overturned,Clear,Daylight,Dry,Lane Use Marking,Unincorporated,2011,0,1,1866,POINT (-88.1530956711333 40.3568377946347)
A-Injury,Rear end,Clear,Daylight,Dry,No Controls,Champaign,2011,0,1,1867,POINT (-88.2773855970352 40.1433194523018)
A-Injury,Rear end,Clear,Daylight,Wet,No Controls,Urbana,2011,0,1,1868,POINT (-88.2195500824643 40.128313437851)
A-Injury,Fixed object,Clear,"Darkness, lighted road",Dry,No Controls,Rantoul,2011,0,1,1869,POINT (-88.1508668639506 40.3144935428928)
A-Injury,Overturned,Clear,Daylight,Dry,No Controls,Unincorporated,2011,0,1,1870,POINT (-88.2893857566613 40.2600012765187)
A-Injury,Overturned,Clear,"Darkness, lighted road",Dry,No Controls,Champaign,2011,0,1,1871,POINT (-88.2575401488194 40.088051688117)
A-Injury,Pedestrian,Clear,Daylight,Dry,No Controls,Urbana,2011,0,1,1872,POINT (-88.2035990490459 40.105640562549)
A-Injury,Angle,Clear,Daylight,Dry,No Controls,Champaign,2011,0,2,1873,POINT (-88.2451490298286 40.1125905467255)
A-Injury,Sideswipe Same Direction,Clear,Dusk,Dry,No Controls,Urbana,2011,0,1,1874,POINT (-88.2051469343974 40.1163196836606)
A-Injury,Turning,Clear,Daylight,Dry,Traffic Signal,Champaign,2011,0,1,1875,POINT (-88.2468690972316 40.1271882870534)
A-Injury,Turning,Clear,Daylight,Dry,No Controls,Champaign,2011,0,1,1876,POINT (-88.273779630788 40.1329098656701)
A-Injury,Fixed object,Clear,Darkness,Dry,No Controls,Unincorporated,2011,0,1,1877,POINT (-88.1574683238661 40.0401880050186)
A-Injury,Turning,Clear,Darkness,Wet,Traffic Signal,Urbana,2011,0,4,1878,POINT (-88.2194809957241 40.120069843808)
A-Injury,Pedestrian,Rain,Darkness,Wet,No Controls,Urbana,2011,0,1,1879,POINT (-88.1956617695502 40.1056896247093)
A-Injury,Overturned,Clear,Daylight,Dry,No Controls,Urbana,2011,0,1,1880,POINT (-88.2143395816595 40.0990723127172)
A-Injury,Angle,Clear,Daylight,Dry,Traffic Signal,Champaign,2011,0,1,1882,POINT (-88.2768102093063 40.116460509293)
A-Injury,Turning,Clear,Daylight,Dry,Stop Sign/Flasher,Unincorporated,2011,0,1,1883,POINT (-88.3651000678396 40.1567695542042)
A-Injury,Fixed object,Clear,Darkness,Dry,Stop Sign/Flasher,Unincorporated,2011,0,1,1884,POINT (-88.4075084855352 40.1276993176667)
A-Injury,Overturned,Clear,Daylight,Dry,No Controls,Champaign,2011,0,1,1885,POINT (-88.2389833366425 40.1493904818274)
A-Injury,Angle,Fog/Smoke/Haze,Daylight,Dry,Stop Sign/Flasher,Thomasboro,2000,0,2,311,POINT (-88.1830986618121 40.2388001328631)
A-Injury,Overturned,Clear,Darkness,Ice,Lane Use Marking,Unincorporated,2000,0,1,313,POINT (-88.2008513181667 40.2296707306116)
A-Injury,Angle,Clear,Daylight,Dry,Stop Sign/Flasher,Champaign,2011,0,1,1886,POINT (-88.2387208269905 40.114370984676)
A-Injury,Other non collision,Clear,Darkness,Dry,No Controls,Unincorporated,2011,0,1,1887,POINT (-87.9490236092105 40.3049778420437)
A-Injury,Other non collision,Clear,Darkness,Dry,No Controls,Unincorporated,2011,0,1,1888,POINT (-87.9492553825893 40.3132221025427)
A-Injury,Fixed object,Clear,Daylight,Dry,Lane Use Marking,Unincorporated,2011,0,1,1889,POINT (-88.2676489323956 39.8951852083956)
A-Injury,Angle,Clear,Daylight,Dry,Lane Use Marking,Urbana,2011,0,1,1890,POINT (-88.202372809193 40.1018788238164)
A-Injury,Pedestrian,Clear,Daylight,Dry,No Controls,Champaign,2011,0,1,1891,POINT (-88.235392504874 40.1126505144051)
A-Injury,Fixed object,Clear,Daylight,Dry,No Controls,Urbana,2011,0,1,1892,POINT (-88.1995869822177 40.1163252733284)
A-Injury,Overturned,Clear,Daylight,Other,No Controls,Unincorporated,2011,0,1,1893,POINT (-88.4628216032229 40.0550591897905)
A-Injury,Turning,Clear,Daylight,Dry,Traffic Signal,Urbana,2011,0,1,1894,POINT (-88.1947784459393 40.1354537600312)
A-Injury,Turning,Clear,"Darkness, lighted road",Dry,No Controls,Champaign,2011,0,1,1895,POINT (-88.2457011514076 40.0913200979752)
A-Injury,Animal,Clear,"Darkness, lighted road",Dry,No Controls,Rantoul,2011,0,1,1896,POINT (-88.1508683996704 40.313179822083)
A-Injury,Overturned,Clear,Daylight,Dry,No Controls,Savoy,2011,0,1,1897,POINT (-88.2540837891483 40.0370027196773)
A-Injury,Turning,Clear,"Darkness, lighted road",Dry,Traffic Signal,Champaign,2011,0,1,1898,POINT (-88.2579780378281 40.1321704764421)
A-Injury,Pedestrian,Clear,Daylight,Dry,No Controls,Champaign,2011,0,1,1899,POINT (-88.235601661912 40.1163411416249)
A-Injury,Angle,Clear,Daylight,Dry,Stop Sign/Flasher,Unincorporated,2011,0,1,1900,POINT (-88.2366706143637 39.9082890122379)
A-Injury,Fixed object,Clear,Darkness,Dry,No Controls,Savoy,2011,0,2,1901,POINT (-88.2516654661085 40.0528817491575)
A-Injury,Rear end,Clear,Daylight,Dry,Other Warning Sign,Rantoul,2011,0,1,1902,POINT (-88.1841636599126 40.3087772593667)
A-Injury,Angle,Clear,Daylight,Dry,Traffic Signal,Urbana,2011,0,2,1903,POINT (-88.1627391639582 40.1105099937499)
A-Injury,Turning,Clear,Daylight,Dry,Stop Sign/Flasher,Champaign,2011,0,1,1904,POINT (-88.2354012173163 40.110270834298)
A-Injury,Turning,Clear,Daylight,Dry,Lane Use Marking,Champaign,2011,0,1,1905,POINT (-88.2451400174758 40.1116444775969)
A-Injury,Angle,Rain,Daylight,Wet,No Controls,Unincorporated,2011,0,1,1906,POINT (-88.4073602055892 40.0986798655086)
A-Injury,Pedalcyclist,Clear,Daylight,Dry,Traffic Signal,Champaign,2011,0,1,1907,POINT (-88.2451793507843 40.0944799328583)
A-Injury,Fixed object,Clear,Daylight,Dry,No Controls,Unincorporated,2011,0,1,1908,POINT (-88.3682137861133 39.9820006363213)
A-Injury,Fixed object,Clear,Daylight,Dry,No Controls,Unincorporated,2011,0,1,1910,POINT (-88.2576314731505 40.1689178681472)