crash_severity,collision_type,weather,light,road_surface,traffic_control,city,year,fatality,injury,id,Geometry
A-Injury,Pedalcyclist,Clear,Daylight,Dry,Traffic Signal,Urbana,2013,0,2,2294,POINT (-88.1904499067453 40.0838081334924)
A-Injury,Pedestrian,Clear,Daylight,Dry,Traffic Signal,Urbana,2013,0,1,2295,POINT (-88.224020000866 40.1164000001846)
A-Injury,Pedalcyclist,Clear,Daylight,Dry,No Controls,Urbana,2013,0,1,2296,POINT (-88.1945582724899 40.1056800005887)
A-Injury,Pedalcyclist,Rain,"Darkness, lighted road",Wet,No Controls,Champaign,2013,0,1,2297,POINT (-88.2654438017509 40.0981925834337)
A-Injury,Rear end,Clear,Darkness,Dry,Lane Use Marking,Unincorporated,2014,0,2,2298,POINT (-88.2484059824454 40.1783740243989)
A-Injury,Fixed object,Clear,Dusk,Dry,Lane Use Marking,Unincorporated,2014,0,1,2299,POINT (-87.9682582999066 40.3132000048084)
A-Injury,Fixed object,Clear,Dawn,Dry,No Controls,Unincorporated,2014,0,1,2300,POINT (-87.9498084133981 40.3306637775566)
A-Injury,Overturned,Clear,Dusk,Dry,Lane Use Marking,Unincorporated,2014,0,5,2301,POINT (-88.1821947744908 40.1971036536476)
A-Injury,Turning,Clear,Daylight,Dry,Traffic Signal,Unincorporated,2014,0,3,2302,POINT (-88.1832000195998 40.2388007074381)
A-Injury,Sideswipe Opposite Direction,Clear,Daylight,Dry,Lane Use Marking,Unincorporated,2014,0,3,2303,POINT (-88.0736571037462 40.3125513509105)
A-Injury,Fixed object,Clear,Daylight,Wet,No Controls,Unincorporated,2014,0,1,2304,POINT (-88.4250800056408 39.8860176758882)
A-Injury,Fixed object,Clear,Darkness,Ice,No Controls,Unincorporated,2014,0,2,2306,POINT (-88.3466564521131 40.2952697651738)
A-Injury,Angle,Clear,Daylight,Dry,No Controls,Unincorporated,2002,0,3,149,POINT (-88.3332847957248 40.1133087720451)
A-Injury,Rear end,Clear,Daylight,Dry,Lane Use Marking,Unincorporated,2014,0,1,2307,POINT (-88.4076600012214 40.1567100001834)
A-Injury,Rear end,Clear,Daylight,Dry,No Controls,Unincorporated,2014,0,1,2308,POINT (-88.365320001583 40.1964855241457)
A-Injury,Head on,Rain,Darkness,Wet,Lane Use Marking,Unincorporated,2014,0,1,2309,POINT (-88.4075499931614 40.1348901907327)
A-Injury,Rear end,Clear,Daylight,Dry,Lane Use Marking,Mahomet,2014,0,2,2310,POINT (-88.3454975337205 40.1806195293124)
A-Injury,Rear end,Rain,Daylight,Wet,Lane Use Marking,Unincorporated,2014,0,1,2311,POINT (-88.394829019642 40.12055900891)
A-Injury,Fixed object,Clear,Daylight,Dry,No Controls,Unincorporated,2014,0,2,2312,POINT (-88.3653400048421 40.2094404034448)
A-Injury,Rear end,Clear,Darkness,Dry,Lane Use Marking,Unincorporated,2014,0,1,2313,POINT (-88.3983373339049 40.1205504363559)
A-Injury,Head on,Clear,Darkness,Dry,No Controls,Unincorporated,2014,0,2,2314,POINT (-88.3466247599823 40.2782876657311)
A-Injury,Rear end,Clear,Darkness,Dry,No Controls,Mahomet,2014,0,1,2315,POINT (-88.3968600012807 40.1998299996558)
A-Injury,Other Object,Clear,Darkness,Wet,No Controls,Champaign,2014,0,1,2316,POINT (-88.2543895140893 40.0981200006134)
A-Injury,Angle,Clear,Daylight,Ice,Traffic Signal,Champaign,2014,0,1,2317,POINT (-88.2817000355781 40.1184720656669)
A-Injury,Angle,Clear,Daylight,Dry,Traffic Signal,Champaign,2014,0,2,2318,POINT (-88.276810000017 40.1164623832761)
A-Injury,Rear end,Clear,Daylight,Dry,No Controls,Champaign,2014,0,1,2319,POINT (-88.2467064322788 40.0848789935594)
A-Injury,Parked Motor Vehicle,Clear,Daylight,Dry,No Controls,Champaign,2014,0,1,2320,POINT (-88.2630975055913 40.1163500037343)
A-Injury,Parked Motor Vehicle,Clear,Darkness,Dry,No Controls,Champaign,2014,0,1,2322,POINT (-88.2387371610022 40.1170272385878)
A-Injury,Pedestrian,Clear,Daylight,Dry,Stop Sign/Flasher,Champaign,2014,0,1,2323,POINT (-88.2817423097205 40.0983400228863)
A-Injury,Head on,Clear,Darkness,Dry,Other Warning Sign,Champaign,2014,0,2,2324,POINT (-88.2977180365101 40.1338360380242)
A-Injury,Turning,Clear,Daylight,Dry,No Controls,Champaign,2014,0,3,2325,POINT (-88.2454341487765 40.0930259595468)
A-Injury,Overturned,Clear,"Darkness, lighted road",Wet,No Controls,Champaign,2014,0,1,2326,POINT (-88.2317432101095 40.1163521380717)
A-Injury,Sideswipe Same Direction,Clear,Daylight,Dry,No Controls,Urbana,2014,0,2,2327,POINT (-88.2195500011928 40.1284423933127)
A-Injury,Pedestrian,Clear,Daylight,Dry,Lane Use Marking,Champaign,2014,0,1,2328,POINT (-88.2364062266332 40.1274013257951)
A-Injury,Fixed object,Rain,"Darkness, lighted road",Wet,Stop Sign/Flasher,Champaign,2014,0,1,2329,POINT (-88.2398695348516 40.1210574310982)
A-Injury,Turning,Clear,Daylight,Dry,No Controls,Champaign,2014,0,2,2330,POINT (-88.2581332151795 40.1322375187771)
A-Injury,Rear end,Snow,"Darkness, lighted road",Snow or Slush,No Controls,Champaign,2014,0,1,2331,POINT (-88.2766323831681 40.1274074456395)
A-Injury,Angle,Clear,Daylight,Snow or Slush,Traffic Signal,Champaign,2014,0,1,2332,POINT (-88.2445877380963 40.0980943599453)
A-Injury,Parked Motor Vehicle,Snow,Daylight,Snow or Slush,Lane Use Marking,Champaign,2014,0,1,2333,POINT (-88.2289369578559 40.1142845401456)
A-Injury,Other Object,Clear,Daylight,Wet,No Controls,Champaign,2014,0,1,2334,POINT (-88.2579800008157 40.1310759737121)
A-Injury,Fixed object,Clear,Daylight,Dry,Lane Use Marking,Champaign,2014,0,1,2335,POINT (-88.2870469884152 40.127521792807)
A-Injury,Pedestrian,Clear,Daylight,Dry,No Controls,Champaign,2014,0,1,2336,POINT (-88.2810781305 40.1032142712093)
A-Injury,Rear end,Clear,Daylight,Dry,Stop Sign/Flasher,Urbana,2014,0,1,2337,POINT (-88.2255807981723 40.1105590784355)
A-Injury,Angle,Clear,Daylight,Dry,Traffic Signal,Champaign,2014,0,1,2338,POINT (-88.2578900011902 40.1407499996309)
A-Injury,Pedestrian,Clear,Daylight,Dry,No Controls,Champaign,2014,0,1,2339,POINT (-88.2665041629917 40.1272840491356)
A-Injury,Pedestrian,Clear,"Darkness, lighted road",Wet,Lane Use Marking,Champaign,2014,0,1,2340,POINT (-88.2723295936388 40.0982399951714)
A-Injury,Angle,Clear,Daylight,Dry,Stop Sign/Flasher,Champaign,2014,0,1,2341,POINT (-88.2527501250677 40.1425288256459)
A-Injury,Angle,Clear,Daylight,Dry,Traffic Signal,Champaign,2014,0,2,2342,POINT (-88.2772300596124 40.1392317964868)
A-Injury,Turning,Clear,Daylight,Dry,No Controls,Champaign,2014,0,1,2343,POINT (-88.243450000772 40.1090099994554)
A-Injury,Fixed object,Clear,"Darkness, lighted road",Dry,No Controls,Champaign,2014,0,1,2344,POINT (-88.2412757736131 40.1272064269165)
A-Injury,Pedalcyclist,Clear,Daylight,Dry,Traffic Signal,Champaign,2014,0,1,2345,POINT (-88.2579800152708 40.1271708248376)
A-Injury,Pedalcyclist,Clear,Daylight,Dry,Traffic Signal,Champaign,2014,0,1,2346,POINT (-88.2772300013583 40.139230000616)
A-Injury,Pedestrian,Clear,Daylight,Dry,No Controls,Champaign,2014,0,1,2347,POINT (-88.2591100298971 40.1380791567567)
A-Injury,Turning,Clear,"Darkness, lighted road",Dry,Traffic Signal,Champaign,2014,0,1,2348,POINT (-88.2765102407828 40.0982600034427)
A-Injury,Pedalcyclist,Clear,Daylight,Dry,Stop Sign/Flasher,Unincorporated,2014,0,1,2349,POINT (-88.2981100000837 40.0985200000883)
A-Injury,Rear end,Clear,Daylight,Dry,Lane Use Marking,Champaign,2014,0,1,2350,POINT (-88.2580130094288 40.1358594569295)
A-Injury,Other Object,Clear,Daylight,Dry,Lane Use Marking,Champaign,2014,0,2,2351,POINT (-88.2966603710809 40.1572141875403)
A-Injury,Fixed object,Clear,Daylight,Dry,Lane Use Marking,Champaign,2014,0,1,2352,POINT (-88.2804795691339 40.143517232781)
A-Injury,Fixed object,Clear,Darkness,Dry,Lane Use Marking,Urbana,2014,0,1,2353,POINT (-88.2241184538674 40.1349278808158)
A-Injury,Other non collision,Clear,Daylight,Dry,No Controls,Champaign,2014,0,1,2354,POINT (-88.276352940595 40.085948522484)
A-Injury,Turning,Clear,Daylight,Dry,No Controls,Champaign,2014,0,1,2355,POINT (-88.258606811888 40.1324462245642)
A-Injury,Pedestrian,Clear,Daylight,Dry,Traffic Signal,Champaign,2014,0,1,2356,POINT (-88.2468700014912 40.1271923425195)
A-Injury,Angle,Rain,Daylight,Wet,Stop Sign/Flasher,Champaign,2014,0,1,2357,POINT (-88.2387204200333 40.1143700070849)
A-Injury,Parked Motor Vehicle,Rain,Daylight,Unknown,Stop Sign/Flasher,Champaign,2014,0,1,2358,POINT (-88.2303709363587 40.1005874155287)
A-Injury,Overturned,Clear,Daylight,Dry,No Controls,Champaign,2014,0,1,2359,POINT (-88.2860600004075 40.11290999907)
A-Injury,Rear end,Clear,"Darkness, lighted road",Wet,Traffic Signal,Champaign,2014,0,1,2360,POINT (-88.2435317259487 40.1211186645263)
A-Injury,Turning,Clear,Daylight,Dry,Traffic Signal,Champaign,2014,0,1,2361,POINT (-88.2464997090524 40.0862418343213)
A-Injury,Angle,Clear,Daylight,Dry,Stop Sign/Flasher,Champaign,2014,0,1,2362,POINT (-88.2627100009444 40.1272299999694)
A-Injury,Fixed object,Clear,Darkness,Dry,No Controls,Champaign,2014,0,1,2363,POINT (-88.2955200466705 40.1060154567915)
A-Injury,Pedestrian,Clear,Daylight,Dry,No Controls,Unincorporated,2014,0,1,2364,POINT (-88.2747173122704 40.1416162683971)
A-Injury,Pedalcyclist,Clear,Daylight,Dry,No Controls,Urbana,2014,0,1,2365,POINT (-88.2214592818402 40.1090807738953)
A-Injury,Other non collision,Clear,Darkness,Dry,No Controls,Unincorporated,1999,0,2,458,GEOMETRYCOLLECTION EMPTY
A-Injury,Rear end,Clear,Dusk,Ice,Police/Flagman,Unincorporated,1999,0,4,459,POINT (-88.2617900169682 40.1654278506449)
A-Injury,Turning,Rain,Daylight,Wet,No Controls,Unincorporated,2014,0,2,2366,POINT (-88.219948779817 40.1435347799496)
A-Injury,Overturned,Clear,Darkness,Wet,Lane Use Marking,Champaign,2014,0,1,2367,POINT (-88.3077003069218 40.1209211632301)
A-Injury,Rear end,Clear,Daylight,Dry,Traffic Signal,Champaign,2014,0,3,2368,POINT (-88.2464357983659 40.0866446799853)
A-Injury,Pedestrian,Rain,"Darkness, lighted road",Wet,Traffic Signal,Unincorporated,2014,0,1,2369,POINT (-88.2384395116347 40.0833209774493)
A-Injury,Head on,Clear,Daylight,Dry,No Controls,Urbana,2014,0,3,2370,POINT (-88.2236599955926 40.1164044736659)
A-Injury,Turning,Clear,"Darkness, lighted road",Dry,Traffic Signal,Urbana,2014,0,3,2371,POINT (-88.2195399278096 40.1273684391752)
A-Injury,Turning,Clear,"Darkness, lighted road",Dry,Traffic Signal,Champaign,2014,0,2,2372,POINT (-88.2689102381468 40.0982239417524)
A-Injury,Pedestrian,Clear,Daylight,Dry,Traffic Signal,Champaign,2014,0,1,2373,POINT (-88.2385191270673 40.0980400081864)
A-Injury,Fixed object,Clear,Daylight,Dry,No Controls,Champaign,2014,0,1,2374,POINT (-88.243052917949 40.0834795217726)
A-Injury,Turning,Rain,"Darkness, lighted road",Wet,No Controls,Champaign,2000,0,2,318,POINT (-88.2579195445405 40.1239572177179)
A-Injury,Angle,Clear,Daylight,Wet,Stop Sign/Flasher,Champaign,2000,0,1,319,POINT (-88.3145129624667 40.1132597945671)
A-Injury,Angle,Clear,Daylight,Dry,Stop Sign/Flasher,Champaign,2014,0,1,2375,POINT (-88.262740000814 40.1310000003261)
A-Injury,Turning,Clear,Daylight,Dry,Stop Sign/Flasher,Champaign,2014,0,1,2376,POINT (-88.2767100013924 40.1103300001003)
A-Injury,Rear end,Clear,"Darkness, lighted road",Dry,Stop Sign/Flasher,Champaign,2014,0,1,2377,POINT (-88.2812059717767 40.0983312962357)
A-Injury,Angle,Clear,Daylight,Dry,No Controls,Urbana,2014,0,2,2378,POINT (-88.2209183000759 40.1164289329268)
A-Injury,Rear end,Clear,Daylight,Dry,No Controls,Champaign,2014,0,1,2379,POINT (-88.2336844188804 40.0980900001149)
A-Injury,Fixed object,Clear,"Darkness, lighted road",Dry,No Controls,Champaign,2014,0,1,2380,POINT (-88.2579403064317 40.1253752764308)
A-Injury,Fixed object,Clear,Darkness,Ice,Lane Use Marking,Unincorporated,2014,0,1,2381,POINT (-88.1232096456928 40.1206397982467)
A-Injury,Fixed object,Clear,Darkness,Dry,No Controls,Urbana,2014,0,2,2382,POINT (-88.1989733586936 40.134001038768)
A-Injury,Pedestrian,Clear,Daylight,Dry,Other,Urbana,2014,0,1,2383,POINT (-88.2192200017682 40.1046400001537)
A-Injury,Parked Motor Vehicle,Clear,Daylight,Snow or Slush,No Controls,Urbana,2014,0,1,2384,POINT (-88.2000705943395 40.0985034304056)
A-Injury,Rear end,Fog/Smoke/Haze,Daylight,Dry,Stop Sign/Flasher,Urbana,2014,0,1,2385,POINT (-88.2049610798982 40.1107993793602)
A-Injury,Overturned,Clear,Darkness,Ice,No Controls,Unincorporated,2014,0,3,2386,POINT (-88.1438871799962 40.1383397936252)
A-Injury,Rear end,Clear,Daylight,Dry,Traffic Signal,Urbana,2014,0,1,2387,POINT (-88.2049700013527 40.1163199993893)
A-Injury,Rear end,Clear,Daylight,Dry,Traffic Signal,Unincorporated,2014,0,1,2388,POINT (-88.218850055919 40.0835227298157)
A-Injury,Turning,Clear,Daylight,Dry,Stop Sign/Flasher,Unincorporated,2014,0,1,2389,POINT (-88.1822700014631 40.1565999996202)
A-Injury,Fixed object,Clear,Daylight,Dry,Lane Use Marking,Unincorporated,2014,0,1,2390,POINT (-88.2073939139442 40.1351000006758)
A-Injury,Rear end,Clear,Daylight,Dry,No Controls,Unincorporated,2014,0,2,2391,POINT (-88.1817853324329 40.1148162569237)
A-Injury,Fixed object,Clear,Daylight,Dry,Lane Use Marking,Urbana,2014,0,1,2392,POINT (-88.2031738984697 40.1350579136637)
A-Injury,Pedalcyclist,Rain,Daylight,Wet,Stop Sign/Flasher,Urbana,2014,0,1,2393,POINT (-88.190670447744 40.094759997129)
A-Injury,Turning,Clear,Daylight,Dry,Traffic Signal,Urbana,2014,0,2,2394,POINT (-88.1994265182755 40.1273900455828)
A-Injury,Sideswipe Same Direction,Clear,Daylight,Dry,Lane Use Marking,Urbana,2014,0,1,2395,POINT (-88.2012390151713 40.1348568676421)
A-Injury,Pedestrian,Clear,Darkness,Wet,No Controls,Urbana,2014,0,1,2396,POINT (-88.1673017196158 40.1112616747752)
A-Injury,Fixed object,Clear,"Darkness, lighted road",Dry,No Controls,Urbana,2014,0,1,2397,POINT (-88.2049252153731 40.1164468898098)
A-Injury,Rear end,Clear,Daylight,Dry,Stop Sign/Flasher,Urbana,2014,0,1,2398,POINT (-88.195770001313 40.1129700001017)
A-Injury,Fixed object,Clear,Daylight,Dry,Traffic Signal,Urbana,2014,0,2,2399,POINT (-88.2049995595309 40.112450032918)
A-Injury,Rear end,Clear,Daylight,Dry,No Controls,Urbana,2014,0,1,2400,POINT (-88.219484578119 40.1239722771288)
A-Injury,Pedestrian,Clear,Daylight,Dry,No Controls,Urbana,2014,0,1,2401,POINT (-88.2004125221565 40.1254302061287)
A-Injury,Turning,Clear,Daylight,Dry,Traffic Signal,Urbana,2014,0,1,2402,POINT (-88.2074118253317 40.1124599754806)
A-Injury,Fixed object,Clear,Daylight,Dry,Lane Use Marking,Urbana,2014,0,1,2403,POINT (-88.2154760074291 40.1351452622375)
A-Injury,Fixed object,Clear,Daylight,Dry,No Controls,Urbana,2014,0,1,2404,POINT (-88.2076200014225 40.1204896527549)
A-Injury,Fixed object,Clear,"Darkness, lighted road",Dry,No Controls,Urbana,2014,0,1,2405,POINT (-88.2099196118563 40.1174399948)
A-Injury,Pedestrian,Clear,Daylight,Dry,Traffic Signal,Urbana,2014,0,1,2406,POINT (-88.2128186612493 40.116489818325)
A-Injury,Rear end,Clear,Dusk,Dry,Stop Sign/Flasher,Urbana,2014,0,1,2407,POINT (-88.2008493839571 40.1419009755302)
A-Injury,Rear end,Clear,Daylight,Dry,Traffic Signal,Urbana,2014,0,2,2408,POINT (-88.1994300018366 40.1273899999242)
A-Injury,Turning,Clear,Daylight,Dry,Traffic Signal,Urbana,2014,0,2,2409,POINT (-88.1836223916961 40.1159460824428)
A-Injury,Rear end,Clear,"Darkness, lighted road",Dry,Traffic Signal,Urbana,2014,0,2,2410,POINT (-88.2049700013527 40.1163199993893)
A-Injury,Rear end,Clear,Daylight,Dry,No Controls,Urbana,2014,0,2,2411,POINT (-88.2194705259475 40.1232335794616)
A-Injury,Pedestrian,Clear,Daylight,Dry,Traffic Signal,Urbana,2014,0,1,2412,POINT (-88.2156798712409 40.1164539514851)
A-Injury,Angle,Cloudy/Overcast,Daylight,Wet,Stop Sign/Flasher,Urbana,2014,0,2,2413,POINT (-88.2143801495868 40.1006802188066)
A-Injury,Turning,Rain,Daylight,Wet,Traffic Signal,Rantoul,2014,0,1,2414,POINT (-88.1559797877983 40.308185361749)
A-Injury,Fixed object,Clear,Daylight,Ice,Lane Use Marking,Unincorporated,2014,0,1,2415,POINT (-88.1778520093886 40.2653141977164)
A-Injury,Overturned,Clear,Darkness,Ice,Lane Use Marking,Unincorporated,2014,0,2,2416,POINT (-88.1645429311743 40.3423636179193)
A-Injury,Overturned,Clear,Darkness,Ice,Lane Use Marking,Unincorporated,2014,0,1,2417,POINT (-88.1292388768335 40.3991230270633)
A-Injury,Pedestrian,Clear,Daylight,Ice,Lane Use Marking,Unincorporated,2014,0,2,2418,POINT (-88.1394980734616 40.379045388431)
A-Injury,Fixed object,Clear,Darkness,Dry,No Controls,Unincorporated,2014,0,1,2419,POINT (-88.193840000979 40.2936213816649)
A-Injury,Angle,Clear,Daylight,Dry,Stop Sign/Flasher,Unincorporated,2000,0,4,320,POINT (-88.3848728197184 40.3546270023103)
A-Injury,Angle,Clear,"Darkness, lighted road",Dry,Traffic Signal,Champaign,2003,0,1,83,POINT (-88.2771912125584 40.1392387502071)
A-Injury,Angle,Clear,Daylight,Dry,Stop Sign/Flasher,Unincorporated,2014,0,1,2420,POINT (-88.2902400013498 40.355089999318)
A-Injury,Overturned,Clear,Darkness,Dry,Lane Use Marking,Unincorporated,2014,0,1,2421,POINT (-88.1479497075098 40.36334710908)
A-Injury,Angle,Clear,Daylight,Dry,Stop Sign/Flasher,Unincorporated,2014,0,2,2422,POINT (-88.1051799933334 40.164093321674)
A-Injury,Fixed object,Clear,Darkness,Dry,No Controls,Unincorporated,2014,0,1,2423,POINT (-87.9604242492612 40.1843479928915)
A-Injury,Fixed object,Clear,Dusk,Dry,Lane Use Marking,Unincorporated,2014,0,1,2424,POINT (-87.9585252277827 40.0787590391618)
A-Injury,Turning,Clear,Daylight,Dry,Stop Sign/Flasher,Unincorporated,2014,0,2,2425,POINT (-87.9585200007596 40.0762199988664)
A-Injury,Fixed object,Clear,Darkness,Dry,Other Warning Sign,Unincorporated,2014,0,1,2426,POINT (-88.0781250399792 40.2394802744712)
A-Injury,Sideswipe Same Direction,Clear,Darkness,Dry,Lane Use Marking,St. Joseph,2014,0,2,2427,POINT (-88.0421665292913 40.1202349391647)
A-Injury,Angle,Clear,Daylight,Dry,No Controls,Unincorporated,2014,0,4,2428,POINT (-88.0289200013772 40.2009499997723)
A-Injury,Pedestrian,Fog/Smoke/Haze,Darkness,Ice,Other Warning Sign,Unincorporated,2014,0,1,2429,POINT (-88.033639058355 40.2395730369882)
A-Injury,Angle,Clear,Daylight,Ice,Stop Sign/Flasher,Unincorporated,2014,0,3,2430,POINT (-88.2950310905289 40.067822550572)
A-Injury,Turning,Clear,Daylight,Dry,Stop Sign/Flasher,Champaign,2014,0,1,2431,POINT (-88.2809447459526 40.0692304182604)
A-Injury,Fixed object,Snow,Daylight,Ice,No Controls,Sidney,2014,0,1,2432,POINT (-88.0808552426972 40.0259093412799)
A-Injury,Head on,Clear,Dawn,Ice,No Controls,Unincorporated,2014,0,1,2433,POINT (-88.2186218907548 40.0690988319415)
A-Injury,Fixed object,Clear,Daylight,Dry,No Controls,Unincorporated,2014,0,1,2434,POINT (-88.0968864406618 40.0113176835224)
A-Injury,Angle,Clear,"Darkness, lighted road",Dry,Stop Sign/Flasher,Unincorporated,2014,0,2,2435,POINT (-88.1615500016007 40.0255400000525)
A-Injury,Rear end,Clear,Daylight,Dry,Lane Use Marking,Unincorporated,2014,0,2,2436,POINT (-88.3037249784628 40.0718951175229)
A-Injury,Overturned,Rain,Daylight,Wet,Lane Use Marking,Unincorporated,2014,0,2,2437,POINT (-88.1619873319855 40.0750754690455)
A-Injury,Angle,Clear,Daylight,Wet,Stop Sign/Flasher,Unincorporated,2014,0,2,2438,POINT (-88.1615499954012 40.0255391973616)
A-Injury,Turning,Clear,Daylight,Dry,Lane Use Marking,Unincorporated,2014,0,5,2439,POINT (-88.2583197201796 40.0103015177155)
A-Injury,Turning,Clear,Daylight,Dry,Stop Sign/Flasher,Unincorporated,2014,0,2,2440,POINT (-88.2366700012777 39.9082899997267)
A-Injury,Pedalcyclist,Clear,Daylight,Dry,Traffic Signal,Savoy,2014,0,1,2441,POINT (-88.2514200002071 40.054489999205)
A-Injury,Turning,Clear,Daylight,Dry,Traffic Signal,Savoy,2014,0,1,2442,POINT (-88.2539799991713 40.0394300005311)
A-Injury,Overturned,Clear,Darkness,Dry,No Controls,Unincorporated,2014,0,1,2443,POINT (-88.1949920593456 40.0692157904665)
A-Injury,Angle,Clear,Daylight,Dry,No Controls,Unincorporated,2014,0,1,2444,POINT (-88.1233087263167 39.982139952418)
A-Injury,Angle,Clear,Daylight,Dry,Traffic Signal,Savoy,2014,0,2,2445,POINT (-88.2514198857516 40.0544907150559)
A-Injury,Overturned,Clear,Daylight,Dry,Other,Unincorporated,2000,0,1,295,POINT (-88.4077944624347 40.1132348838806)
A-Injury,Rear end,Clear,Daylight,Dry,No Controls,Tolono,2014,0,3,2447,POINT (-88.2489090814714 39.9812040829735)
A-Injury,Fixed object,Snow,Darkness,Ice,Lane Use Marking,Pesotum,2014,0,1,2448,POINT (-88.2797732150876 39.9054709416765)
A-Injury,Fixed object,Rain,Darkness,Wet,Lane Use Marking,Unincorporated,2014,0,2,2449,POINT (-88.3036065620698 40.0609448236338)
A-Injury,Rear end,Clear,Darkness,Dry,No Controls,Unincorporated,2014,0,2,2450,POINT (-88.142648531612 40.0257500160354)
A-Injury,Angle,Clear,Daylight,Dry,Stop Sign/Flasher,Unincorporated,2014,0,2,2451,POINT (-88.1804399980767 40.0109096777426)
A-Injury,Fixed object,Sleet/Hail,Darkness,Ice,Lane Use Marking,Unincorporated,2015,0,2,2452,POINT (-88.297681164553 39.9192637414928)
A-Injury,Fixed object,Clear,Dawn,Dry,Lane Use Marking,Unincorporated,2015,0,1,2453,POINT (-87.9568824914302 39.9090419118576)
A-Injury,Turning,Clear,Darkness,Dry,Lane Use Marking,Unincorporated,2015,0,1,2454,POINT (-88.2583491317776 40.0096189876922)
A-Injury,Fixed object,Snow,Darkness,Ice,No Controls,Unincorporated,2015,0,1,2456,POINT (-88.1606113665321 39.9087738599462)
A-Injury,Overturned,Clear,Darkness,Dry,No Controls,Unincorporated,2015,0,1,2457,POINT (-88.29438000061 40.0106899998736)
A-Injury,Fixed object,Clear,Daylight,Dry,No Controls,Unincorporated,2015,0,1,2458,POINT (-88.208859309795 40.0106808701736)
A-Injury,Overturned,Clear,Daylight,Dry,No Controls,Sadorus,2015,0,1,2459,POINT (-88.3508747688054 39.9656224200952)
A-Injury,Angle,Clear,Daylight,Dry,Stop Sign/Flasher,Ogden,2015,0,1,2460,POINT (-87.9587944133886 40.1166611882077)
A-Injury,Fixed object,Clear,Daylight,Dry,Lane Use Marking,Unincorporated,2015,0,1,2461,POINT (-87.9850328889879 40.1198176461514)
A-Injury,Fixed object,Clear,Darkness,Dry,Lane Use Marking,Unincorporated,2015,0,1,2462,POINT (-87.9477740503853 40.1199715091988)
A-Injury,Overturned,Snow,Daylight,Ice,Lane Use Marking,Unincorporated,2015,0,1,2463,POINT (-88.1978666280031 40.2373257632756)
A-Injury,Fixed object,Snow,Daylight,Ice,Lane Use Marking,Unincorporated,2015,0,2,2464,POINT (-88.1975529085048 40.2372967389875)
A-Injury,Turning,Clear,Daylight,Dry,Lane Use Marking,Unincorporated,2000,0,6,321,POINT (-88.4265190137861 40.1106163446657)
A-Injury,Head on,Clear,Darkness,Dry,Lane Use Marking,St. Joseph,2000,0,4,322,POINT (-88.0512302448308 40.1204289350598)
A-Injury,Head on,Clear,Darkness,Dry,No Controls,Savoy,2000,0,2,323,POINT (-88.2512377828237 40.0554081679694)
A-Injury,Head on,Snow,Daylight,Snow or Slush,Lane Use Marking,Urbana,2015,0,2,2465,POINT (-88.2030540489858 40.1350660117234)
A-Injury,Angle,Clear,Daylight,Dry,Traffic Signal,Urbana,2015,0,1,2467,POINT (-88.1836223076393 40.1159452821355)
A-Injury,Fixed object,Clear,Darkness,Dry,Lane Use Marking,St. Joseph,2015,0,2,2468,POINT (-88.0206524791896 40.1202624233349)
A-Injury,Parked Motor Vehicle,Clear,Darkness,Dry,No Controls,Urbana,2015,0,1,2469,POINT (-88.1852269301903 40.0812890522068)
A-Injury,Turning,Clear,Daylight,Dry,Traffic Signal,Urbana,2015,0,2,2470,POINT (-88.1954902355846 40.1338496993026)
A-Injury,Fixed object,Clear,Daylight,Dry,No Controls,Urbana,2015,0,1,2471,POINT (-88.1748600757299 40.112889363551)
A-Injury,Turning,Clear,Daylight,Dry,Stop Sign/Flasher,Urbana,2015,0,1,2472,POINT (-88.2011402525405 40.1237994343313)
A-Injury,Overturned,Clear,Daylight,Dry,Lane Use Marking,Unincorporated,2015,0,1,2473,POINT (-88.1823438126097 40.2087265375553)
A-Injury,Overturned,Clear,Daylight,Dry,Lane Use Marking,St. Joseph,2015,0,2,2474,POINT (-88.0502063757515 40.1203233553511)
A-Injury,Parked Motor Vehicle,Clear,"Darkness, lighted road",Dry,No Controls,Urbana,2015,0,1,2475,POINT (-88.2163136027533 40.1006663352)
A-Injury,Angle,Clear,Daylight,Dry,Stop Sign/Flasher,Urbana,2015,0,1,2476,POINT (-88.2257587008478 40.1231349263898)
A-Injury,Angle,Clear,Daylight,Dry,Stop Sign/Flasher,Thomasboro,2015,0,3,2477,POINT (-88.1830100010503 40.2387999996248)
A-Injury,Turning,Rain,Daylight,Wet,Stop Sign/Flasher,Urbana,2015,0,2,2478,POINT (-88.2195500007415 40.1298999995318)
A-Injury,Turning,Clear,Daylight,Dry,Lane Use Marking,Unincorporated,2015,0,1,2479,POINT (-88.1436300012948 40.1133599996458)
A-Injury,Angle,Clear,Daylight,Dry,Stop Sign/Flasher,Urbana,2015,0,2,2480,POINT (-88.2095910266712 40.0982999818842)