crash_severity,collision_type,weather,light,road_surface,traffic_control,city,year,fatality,injury,id,Geometry
A-Injury,Pedestrian,Snow,Dawn,Snow or Slush,Traffic Signal,Champaign,2003,0,1,75,POINT (-88.2828720970404 40.1129002853071)
A-Injury,Turning,Clear,Daylight,Dry,Stop Sign/Flasher,Tolono,2003,0,2,76,POINT (-88.2642800960898 39.9732210361247)
A-Injury,Rear end,Rain,Daylight,Wet,No Controls,Unincorporated,2003,0,1,77,POINT (-88.1822488063922 40.1936369467768)
A-Injury,Sideswipe Same Direction,Clear,Daylight,Dry,Lane Use Marking,Champaign,2003,0,2,78,POINT (-88.2434646490604 40.1088481620834)
A-Injury,Rear end,Clear,Daylight,Dry,No Controls,Champaign,2004,0,1,509,POINT (-88.2575786983135 40.1126561745481)
A-Injury,Angle,Clear,Daylight,Dry,Traffic Signal,Champaign,2004,0,1,510,POINT (-88.2451371508181 40.112631524087)
A-Injury,Rear end,Clear,Daylight,Dry,Lane Use Marking,Champaign,2003,0,1,79,POINT (-88.2389332417143 40.1348172359883)
A-Injury,Overturned,Clear,Daylight,Dry,No Controls,Unincorporated,2003,0,1,80,POINT (-88.0189856813565 39.9085845640097)
A-Injury,Head on,Clear,Daylight,Dry,Lane Use Marking,Unincorporated,2003,0,2,81,POINT (-87.9835932615026 40.3130876998503)
A-Injury,Angle,Clear,Daylight,Wet,Stop Sign/Flasher,Champaign,2006,0,1,928,POINT (-88.2953606643355 40.1093914914317)
A-Injury,Pedestrian,Clear,Daylight,Dry,Unknown,Urbana,2007,0,1,3446,GEOMETRYCOLLECTION EMPTY
A-Injury,Rear end,Clear,Daylight,Dry,Traffic Signal,Champaign,2006,0,1,976,POINT (-88.2439323415125 40.1102182012461)
A-Injury,Other non collision,Clear,Daylight,Unknown,No Controls,Unincorporated,2003,0,1,82,POINT (-88.2452918808407 40.1813193320107)
A-Injury,Fixed object,Clear,Daylight,Dry,Lane Use Marking,Unincorporated,2003,0,1,18,POINT (-88.2930190537854 39.8940607579671)
A-Injury,Angle,Clear,Daylight,Dry,Stop Sign/Flasher,Champaign,2003,0,3,19,POINT (-88.2578053854781 40.1143617760507)
A-Injury,Angle,Clear,Daylight,Dry,No Controls,Unincorporated,2003,0,2,20,POINT (-88.2523264989013 40.1742715238404)
A-Injury,Head on,Clear,Daylight,Dry,Other reg. sign,Unincorporated,2003,0,2,21,POINT (-88.4260159992224 40.1108385820094)
A-Injury,Angle,Clear,Daylight,Dry,No Controls,Unincorporated,2003,0,1,22,POINT (-88.1572400515942 40.1203630007021)
A-Injury,Rear end,Clear,Dusk,Dry,No Controls,Rantoul,2003,0,1,23,POINT (-88.2120933204844 40.3117204150531)
A-Injury,Angle,Severe cross wind,Daylight,Ice,Stop Sign/Flasher,Unincorporated,2003,0,3,24,POINT (-88.2584031962917 40.0102661808612)
A-Injury,Pedestrian,Clear,Daylight,Dry,Traffic Signal,Rantoul,2001,0,1,219,POINT (-88.1552206128093 40.308211921205)
A-Injury,Head on,Clear,"Darkness, lighted road",Dry,No Controls,Champaign,2001,0,3,220,POINT (-88.2443057969389 40.1000312955905)
A-Injury,Overturned,Clear,Daylight,Dry,Lane Use Marking,Tolono,2001,0,1,221,POINT (-88.2641680056067 39.9739381585499)
A-Injury,Turning,Clear,Daylight,Dry,Traffic Signal,Champaign,2001,0,3,222,POINT (-88.2459779979151 40.0897334391264)
A-Injury,Turning,Clear,Daylight,Dry,Stop Sign/Flasher,Champaign,2001,0,1,223,POINT (-88.2591624667499 40.1327038506365)
A-Injury,Angle,Clear,Daylight,Dry,Stop Sign/Flasher,Champaign,2001,0,1,224,POINT (-88.251765150853 40.1126397725265)
A-Injury,Angle,Clear,Dusk,Dry,Stop Sign/Flasher,Ludlow,2001,0,6,225,POINT (-88.1206458143072 40.384973876269)
A-Injury,Angle,Clear,Daylight,Dry,Traffic Signal,Champaign,2001,0,1,226,POINT (-88.2768180410923 40.1164359331432)
A-Injury,Turning,Clear,Daylight,Dry,Stop Sign/Flasher,Champaign,2001,0,2,227,POINT (-88.2767996022286 40.114648672982)
A-Injury,Turning,Rain,Daylight,Wet,Stop Sign/Flasher,Philo,2001,0,1,228,POINT (-88.1613986067912 40.0081303246858)
A-Injury,Fixed object,Clear,Daylight,Dry,Lane Use Marking,Unincorporated,2001,0,1,229,POINT (-88.1607872965434 39.9277010789095)
A-Injury,Angle,Snow,Daylight,Ice,Lane Use Marking,Unincorporated,2001,0,1,230,POINT (-88.384407469978 40.3072528658672)
A-Injury,Sideswipe Same Direction,Clear,Daylight,Unknown,Lane Use Marking,Mahomet,2001,0,2,231,POINT (-88.393744054714 40.2175260157491)
A-Injury,Rear end,Clear,Daylight,Dry,No Controls,Champaign,2001,0,1,232,POINT (-88.2767915047882 40.1128753059218)
A-Injury,Turning,Clear,Daylight,Dry,Traffic Signal,Champaign,2001,0,2,233,POINT (-88.2828720970404 40.1129002853071)
A-Injury,Angle,Clear,Daylight,Dry,Stop Sign/Flasher,Champaign,2001,0,2,234,POINT (-88.3145129624667 40.1132597945671)
A-Injury,Overturned,Clear,"Darkness, lighted road",Dry,Lane Use Marking,Unincorporated,2001,0,3,236,POINT (-87.9639779123573 40.1198876677863)
A-Injury,Overturned,Clear,Daylight,Dry,Lane Use Marking,Unincorporated,2001,0,2,237,POINT (-88.1330200689295 40.3917930991221)
A-Injury,Sideswipe Opposite Direction,Snow,Daylight,Snow or Slush,Lane Use Marking,Unincorporated,2003,0,1,100,POINT (-88.2008513181667 40.2296707306116)
A-Injury,Angle,Clear,Daylight,Dry,Stop Sign/Flasher,Thomasboro,2003,0,2,101,POINT (-88.1830986618121 40.2388001328631)
A-Injury,Angle,Clear,Daylight,Dry,No Controls,Champaign,2003,0,2,102,POINT (-88.257954263724 40.1286715689987)
A-Injury,Pedestrian,Rain,"Darkness, lighted road",Wet,No Controls,Rantoul,2003,0,1,103,POINT (-88.1455409798065 40.308836829652)
A-Injury,Angle,Clear,Daylight,Dry,No Controls,Champaign,2003,0,1,104,POINT (-88.2769705661915 40.1291861444284)
A-Injury,Fixed object,Clear,Daylight,Dry,Lane Use Marking,Champaign,2002,0,1,106,POINT (-88.2843384944779 40.1465716227646)
A-Injury,Pedalcyclist,Clear,Daylight,Dry,No Controls,Champaign,2002,0,1,107,POINT (-88.2446673332566 40.0979411632456)
A-Injury,Fixed object,Clear,Daylight,Ice,No Controls,Unincorporated,2002,0,1,108,POINT (-88.141706268871 40.3742122832618)
A-Injury,Turning,Clear,Daylight,Dry,Traffic Signal,Urbana,2002,0,2,109,POINT (-88.1933412252524 40.1375733137528)
A-Injury,Fixed object,Clear,Daylight,Dry,No Controls,Urbana,2006,0,2,909,POINT (-88.2194395137047 40.1173306555906)
A-Injury,Sideswipe Opposite Direction,Clear,"Darkness, lighted road",Dry,No Controls,Champaign,2006,0,1,956,POINT (-88.262365173477 40.1272567035385)
A-Injury,Overturned,Snow,Darkness,Snow or Slush,Lane Use Marking,Unincorporated,2007,0,2,1006,POINT (-88.0887167018409 40.1206499950795)
A-Injury,Head on,Rain,Daylight,Ice,Lane Use Marking,Unincorporated,2007,0,3,1053,POINT (-88.1845602823101 40.2687288723649)
A-Injury,Rear end,Clear,Daylight,Dry,No Controls,Champaign,2007,0,1,1101,POINT (-88.2765465451233 40.1007450468939)
A-Injury,Head on,Clear,Darkness,Dry,Other,Mahomet,2007,0,2,1151,POINT (-88.365262504187 40.1889704074908)
A-Injury,Sideswipe Opposite Direction,Rain,Daylight,Ice,Lane Use Marking,Unincorporated,2008,0,3,1200,POINT (-88.2185411264327 40.2079256243518)
A-Injury,Angle,Clear,Daylight,Dry,Stop Sign/Flasher,Champaign,2008,0,2,1249,POINT (-88.2832613517276 40.0958110598169)
A-Injury,Pedalcyclist,Clear,Daylight,Dry,No Controls,Champaign,2008,0,1,1296,POINT (-88.2465231903326 40.0861055426087)
A-Injury,Sideswipe Same Direction,Clear,Darkness,Dry,Lane Use Marking,Unincorporated,2008,0,2,1346,POINT (-88.1252116230049 40.1204679375711)
A-Injury,Rear end,Clear,Daylight,Ice,Lane Use Marking,Mahomet,2009,0,2,1394,POINT (-88.391786360765 40.195421653075)
A-Injury,Sideswipe Same Direction,Clear,Darkness,Dry,Lane Use Marking,Mahomet,2009,0,1,1495,POINT (-88.3606041196044 40.1856098770877)
A-Injury,Angle,Clear,Daylight,Dry,Stop Sign/Flasher,Champaign,2009,0,1,1543,POINT (-88.2577507153234 40.10903019856)
A-Injury,Sideswipe Same Direction,Clear,Daylight,Ice,Lane Use Marking,Unincorporated,2010,0,2,1639,POINT (-88.1839102808231 40.2900009849817)
A-Injury,Fixed object,Clear,Daylight,Dry,No Controls,Unincorporated,2010,0,1,1687,POINT (-88.1795348011092 40.3557889051571)
A-Injury,Pedalcyclist,Clear,Daylight,Dry,Traffic Signal,Urbana,2010,0,1,1736,POINT (-88.2191305958169 40.1006490504101)
A-Injury,Fixed object,Snow,Darkness,Snow or Slush,Lane Use Marking,Unincorporated,2010,0,1,1784,POINT (-87.9945875815367 40.1199017886079)
A-Injury,Pedalcyclist,Clear,Daylight,Dry,Traffic Signal,Urbana,2011,0,1,1832,POINT (-88.2192395145701 40.105978800357)
A-Injury,Sideswipe Same Direction,Clear,Daylight,Dry,No Controls,Champaign,2011,0,1,1881,POINT (-88.2590502169576 40.1271835169811)
A-Injury,Rear end,Clear,Daylight,Dry,No Controls,Urbana,2011,0,1,1930,POINT (-88.1956289779758 40.1066681126567)
A-Injury,Angle,Clear,Daylight,Dry,Stop Sign/Flasher,Champaign,2012,0,2,2075,POINT (-88.2393607670386 40.1143982029415)
A-Injury,Fixed object,Clear,Daylight,Dry,Other Warning Sign,Unincorporated,2012,0,1,2125,POINT (-88.2111196503224 40.1858789196413)
A-Injury,Angle,Clear,Darkness,Dry,Stop Sign/Flasher,Unincorporated,2013,0,1,2174,POINT (-88.2898700015381 40.3112199997893)
A-Injury,Fixed object,Clear,Daylight,Dry,No Controls,Unincorporated,2013,0,1,2224,POINT (-87.9490020332413 40.3044336438126)
A-Injury,Fixed object,Snow,Darkness,Snow or Slush,Lane Use Marking,Champaign,2013,0,2,2273,POINT (-88.3044319733739 40.0839428296746)
A-Injury,Turning,Clear,Daylight,Dry,No Controls,Champaign,2014,0,1,2321,POINT (-88.2596276260463 40.1328953010133)
A-Injury,Rear end,Snow,Daylight,Snow or Slush,No Controls,Urbana,2015,0,2,2466,POINT (-88.2049203670166 40.1076303339359)
A-Injury,Overturned,Clear,Daylight,Dry,Lane Use Marking,Unincorporated,2015,0,1,2564,POINT (-88.3049585300494 40.0966048954245)
A-Injury,Pedestrian,Clear,Daylight,Dry,Unknown,Urbana,2007,0,1,3766,GEOMETRYCOLLECTION EMPTY
A-Injury,Pedestrian,Rain,"Darkness, lighted road",Wet,Stop Sign/Flasher,Urbana,2008,0,1,3774,POINT (-88.2144568567194 40.1183410234458)
A-Injury,Turning,Clear,Daylight,Dry,No Controls,Urbana,2004,0,1,511,POINT (-88.2024084682726 40.1163310736991)
A-Injury,Pedestrian,Clear,Darkness,Dry,Lane Use Marking,Champaign,2006,0,1,3899,POINT (-88.2869533772499 40.1129274595469)
A-Injury,Angle,Snow,Darkness,Ice,Stop Sign/Flasher,Unincorporated,2003,0,4,49,POINT (-88.1823697088366 40.1566222613745)
A-Injury,Pedestrian,Clear,Daylight,Dry,Stop Sign/Flasher,Urbana,2015,0,2,3912,POINT (-88.2191981155866 40.1037001924017)
A-Injury,Pedestrian,Clear,Daylight,Dry,No Controls,Urbana,2015,0,1,3915,POINT (-88.224260894264 40.1273999824244)
A-Injury,Sideswipe Same Direction,Clear,Daylight,Unknown,Lane Use Marking,St. Joseph,2001,0,1,117,POINT (-88.0501400788738 40.120415287819)
A-Injury,Turning,Clear,Daylight,Dry,Traffic Signal,Champaign,2002,0,2,118,POINT (-88.2435184667744 40.1126019034444)
A-Injury,Overturned,Clear,Darkness,Dry,No Controls,Rantoul,2002,0,3,119,POINT (-88.1715373529517 40.2802883643476)
A-Injury,Overturned,Clear,Darkness,Dry,Lane Use Marking,Unincorporated,2002,0,3,120,POINT (-88.3031169956738 39.9387677163791)
A-Injury,Parked Motor Vehicle,Clear,Daylight,Dry,Lane Use Marking,Ludlow,2001,0,1,121,POINT (-88.1208417626775 40.384562575234)
A-Injury,Fixed object,Clear,Darkness,Dry,Other reg. sign,Unincorporated,2002,0,3,122,POINT (-88.1585588102175 40.1203538619472)
A-Injury,Overturned,Clear,Daylight,Dry,No Controls,Unincorporated,2002,0,4,123,POINT (-88.1839783856642 40.2711412563595)
A-Injury,Other non collision,Clear,Daylight,Dry,No Controls,Unincorporated,2002,0,1,124,POINT (-88.3939561925929 40.2452170864314)
A-Injury,Other Object,Clear,Darkness,Dry,No Controls,Urbana,2002,0,1,125,POINT (-88.2016782850117 40.1225840117907)
A-Injury,Other non collision,Clear,Daylight,Other,No Controls,Urbana,2002,0,2,126,POINT (-88.1933412252524 40.1375733137528)
A-Injury,Fixed object,Clear,Darkness,Dry,Lane Use Marking,Ogden,2002,0,1,135,POINT (-87.9642214910954 40.112003950222)
A-Injury,Rear end,Clear,Darkness,Wet,Lane Use Marking,Unincorporated,2002,0,2,136,POINT (-88.0897143801729 40.1207355828414)
A-Injury,Turning,Clear,Daylight,Dry,Traffic Signal,Champaign,2002,0,2,138,POINT (-88.2437181998154 40.1348199595666)
A-Injury,Sideswipe Same Direction,Rain,"Darkness, lighted road",Wet,Lane Use Marking,Unincorporated,2002,0,3,139,POINT (-88.185528742155 40.1297879348433)
A-Injury,Rear end,Clear,Daylight,Dry,No Passing,Unincorporated,2002,0,2,140,POINT (-88.0397683824157 40.3127330113267)
A-Injury,Other non collision,Clear,Daylight,Dry,Lane Use Marking,Unincorporated,2002,0,4,141,POINT (-88.2333445415539 40.1930788139434)
A-Injury,Turning,Clear,Daylight,Dry,Traffic Signal,Champaign,2002,0,1,142,POINT (-88.2530553720713 40.1347084236352)
A-Injury,Other non collision,Clear,Darkness,Dry,Lane Use Marking,Unincorporated,2002,0,1,143,POINT (-88.3038744252298 40.01130988026)
A-Injury,Turning,Clear,Daylight,Dry,Traffic Signal,Champaign,2002,0,2,144,POINT (-88.2435184667744 40.1126019034444)
A-Injury,Angle,Clear,Dusk,Dry,Lane Use Marking,Unincorporated,2002,0,1,145,POINT (-88.2793818257659 40.3112949040678)
A-Injury,Rear end,Clear,Daylight,Dry,No Controls,Champaign,2002,0,1,146,POINT (-88.2554150993003 40.1126479286092)
A-Injury,Turning,Clear,Daylight,Dry,Stop Sign/Flasher,Champaign,2002,0,1,147,POINT (-88.2729210970421 40.1383290241065)
A-Injury,Angle,Clear,Daylight,Dry,No Controls,Urbana,2003,0,1,90,POINT (-88.2041559310787 40.1178500554209)
A-Injury,Turning,Snow,Daylight,Wet,Stop Sign/Flasher,Mahomet,2003,0,1,27,POINT (-88.3988627750318 40.1960531688293)
A-Injury,Angle,Clear,"Darkness, lighted road",Dry,Stop Sign/Flasher,Champaign,2002,0,4,151,POINT (-88.2353975090455 40.1126698507946)
A-Injury,Angle,Clear,Daylight,Dry,Traffic Signal,Champaign,2002,0,1,152,POINT (-88.2783607436508 40.1128633229475)
A-Injury,Angle,Clear,Dusk,Dry,Stop Sign/Flasher,Unincorporated,2002,0,1,153,POINT (-88.3938981027963 40.2380032599097)
A-Injury,Rear end,Clear,Darkness,Dry,Lane Use Marking,Thomasboro,2002,0,2,155,POINT (-88.181955491296 40.2548252347284)
A-Injury,Overturned,Clear,Daylight,Dry,No Controls,Unincorporated,2002,0,2,156,POINT (-88.1430442254782 40.371513831967)
A-Injury,Turning,Clear,Daylight,Dry,Traffic Signal,Urbana,2004,0,2,512,POINT (-88.1836402000198 40.1160193594604)
A-Injury,Overturned,Clear,Daylight,Dry,Lane Use Marking,Unincorporated,2005,0,3,561,POINT (-88.3029257929425 39.9282032499688)
A-Injury,Pedestrian,Clear,Daylight,Dry,Lane Use Marking,Champaign,2005,0,1,609,POINT (-88.2469754516474 40.1347511311834)
A-Injury,Other non collision,Clear,Darkness,Wet,Other Warning Sign,Unincorporated,2005,0,1,655,POINT (-88.4230179011202 40.3547037628046)
A-Injury,Rear end,Rain,Daylight,Wet,Traffic Signal,Urbana,2005,0,2,703,POINT (-88.2193658937399 40.1128267858457)
A-Injury,Rear end,Clear,Daylight,Dry,No Controls,Champaign,2005,0,1,752,POINT (-88.280001064052 40.1128840558782)
A-Injury,Rear end,Clear,Daylight,Dry,Lane Use Marking,Unincorporated,2006,0,1,847,POINT (-88.1617516772991 40.0548639847093)
A-Injury,Pedalcyclist,Clear,"Darkness, lighted road",Dry,Stop Sign/Flasher,Champaign,2006,0,1,947,POINT (-88.2337976232451 40.1272304318773)
A-Injury,Rear end,Clear,Daylight,Dry,Traffic Signal,Urbana,2003,0,2,93,POINT (-88.1977061478239 40.1302365647255)
A-Injury,Rear end,Snow,Daylight,Snow or Slush,Lane Use Marking,Unincorporated,2007,0,1,1042,POINT (-88.3039500232974 40.1630833220537)
A-Injury,Rear end,Clear,Daylight,Dry,Lane Use Marking,Unincorporated,2007,0,2,1043,POINT (-88.0877336525064 40.1206206681014)
A-Injury,Turning,Clear,Daylight,Ice,Traffic Signal,Champaign,2007,0,1,1089,POINT (-88.2768301750071 40.1164605206821)
A-Injury,Turning,Clear,Daylight,Dry,Traffic Signal,Champaign,2007,0,1,1090,POINT (-88.2452405250775 40.1271795019194)
A-Injury,Angle,Clear,Daylight,Dry,Stop Sign/Flasher,Champaign,2007,0,1,1137,POINT (-88.2603614374059 40.1253995975963)
A-Injury,Unknown,Clear,Daylight,Dry,Traffic Signal,Urbana,2007,0,1,1187,POINT (-88.2019290863485 40.1220232157111)
A-Injury,Angle,Clear,Daylight,Dry,Stop Sign/Flasher,Champaign,2008,0,4,1234,POINT (-88.2468808394632 40.1211807325691)
A-Injury,Turning,Clear,Daylight,Dry,No Controls,Unincorporated,2008,0,1,1283,POINT (-87.9582605312522 40.057389437627)
A-Injury,Angle,Clear,Daylight,Dry,Stop Sign/Flasher,Champaign,2008,0,2,1331,POINT (-88.2468109043477 40.112609881045)
A-Injury,Rear end,Clear,"Darkness, lighted road",Dry,Traffic Signal,Urbana,2003,0,1,96,POINT (-88.2050046678331 40.1163119581311)
A-Injury,Rear end,Clear,"Darkness, lighted road",Dry,No Controls,Champaign,2008,0,1,1378,POINT (-88.2580194433672 40.1341892339031)
A-Injury,Overturned,Clear,Darkness,Dry,No Controls,Unincorporated,2008,0,1,1379,POINT (-88.4398334476703 39.9672513919865)
A-Injury,Rear end,Clear,Daylight,Dry,Lane Use Marking,Urbana,2009,0,1,1428,POINT (-88.1960212465654 40.1339987658463)
A-Injury,Overturned,Clear,Darkness,Dry,Lane Use Marking,St. Joseph,2009,0,1,1475,POINT (-88.0202554688061 40.1135646824829)
A-Injury,Fixed object,Clear,Darkness,Dry,No Controls,Champaign,2009,0,1,1525,POINT (-88.2732561774787 40.1007641988591)
A-Injury,Rear end,Clear,Daylight,Dry,Other,Champaign,2009,0,2,1568,POINT (-88.2339735666161 40.1163523544832)
A-Injury,Angle,Fog/Smoke/Haze,Daylight,Wet,Stop Sign/Flasher,Urbana,2010,0,1,1623,POINT (-88.2257005470808 40.1173909184402)
A-Injury,Pedestrian,Clear,Darkness,Dry,No Controls,Unincorporated,2010,0,1,1672,POINT (-88.2283150119767 40.0835001766927)
A-Injury,Angle,Clear,Darkness,Dry,No Controls,Urbana,2010,0,3,1749,POINT (-88.2128186771125 40.1164907568937)
A-Injury,Sideswipe Same Direction,Clear,Darkness,Dry,No Controls,Unincorporated,2003,0,3,26,POINT (-88.3036126603073 40.047412274892)
A-Injury,Pedalcyclist,Clear,Daylight,Dry,Stop Sign/Flasher,Urbana,2010,0,2,1769,POINT (-88.1945610609635 40.1056791167094)
A-Injury,Rear end,Clear,Daylight,Ice,Lane Use Marking,Unincorporated,2011,0,2,1814,POINT (-88.2743846915474 39.9014495603343)
A-Injury,Angle,Clear,Daylight,Dry,Stop Sign/Flasher,Unincorporated,2011,0,2,1861,POINT (-88.258470329336 40.1856598968428)
A-Injury,Turning,Clear,Daylight,Dry,Traffic Signal,Champaign,2011,0,2,1909,POINT (-88.2436806954761 40.1325986891195)
A-Injury,Angle,Clear,Daylight,Dry,No Controls,Unincorporated,2011,0,2,1959,POINT (-88.0977294372045 40.2687690030794)
A-Injury,Fixed object,Clear,Daylight,Dry,Other Regualtory Sig,Unincorporated,2012,0,1,2008,POINT (-88.0088804013657 40.0350499996535)
A-Injury,Rear end,Snow,Daylight,Ice,Lane Use Marking,Mahomet,2012,0,1,2056,POINT (-88.4027875012921 40.2010228065282)
A-Injury,Pedestrian,Rain,Daylight,Wet,Other,Urbana,2012,0,3,2109,POINT (-88.2191999584708 40.1037001637469)
A-Injury,Rear end,Clear,Dusk,Dry,No Controls,Champaign,2013,0,2,2205,POINT (-88.2821207164939 40.1128831076748)
A-Injury,Angle,Clear,"Darkness, lighted road",Dry,No Controls,Champaign,2013,0,2,2256,POINT (-88.2410900005371 40.1272099995374)
A-Injury,Rear end,Clear,Daylight,Dry,Lane Use Marking,Mahomet,2014,0,2,2305,POINT (-88.3525034420639 40.1829334457966)
A-Injury,Sideswipe Same Direction,Clear,Daylight,Dry,Lane Use Marking,Unincorporated,2003,0,1,29,POINT (-88.2881751397074 39.9119548229979)
A-Injury,Sideswipe Same Direction,Clear,Daylight,Dry,Lane Use Marking,Pesotum,2003,0,3,30,POINT (-88.2770067381197 39.9035969267433)
A-Injury,Turning,Clear,Daylight,Dry,Traffic Signal,Unincorporated,2014,0,1,2446,POINT (-88.1617700328932 40.0548341873674)
A-Injury,Fixed object,Clear,Daylight,Dry,Lane Use Marking,Unincorporated,2015,0,2,2590,POINT (-88.3846416892797 40.2810924068072)
A-Injury,Fixed object,Clear,Daylight,Dry,Lane Use Marking,Champaign,2003,0,1,41,POINT (-88.3050251169414 40.1183161804161)
A-Injury,Turning,Clear,Daylight,Dry,Traffic Signal,Champaign,2003,0,1,42,POINT (-88.2434791400742 40.1101911947013)
A-Injury,Pedestrian,Clear,Dusk,Dry,Unknown,Urbana,2007,0,1,3732,POINT (-88.2195085825512 40.1200907205493)
A-Injury,Pedestrian,Rain,Daylight,Wet,Unknown,Champaign,2007,0,1,3756,POINT (-88.2500885189161 40.1181050454494)
A-Injury,Pedestrian,Clear,Daylight,Dry,No Controls,Urbana,2006,0,1,3865,POINT (-88.1905821197357 40.0915004303551)
A-Injury,Pedestrian,Clear,Daylight,Dry,No Controls,Urbana,2006,0,1,3868,POINT (-88.2049982390267 40.1135682050863)
A-Injury,Pedestrian,Clear,Darkness,Wet,No Controls,Champaign,2006,0,1,3870,POINT (-88.2335776551185 40.1090905058447)
A-Injury,Pedestrian,Rain,Darkness,Wet,Other Warning Sign,Champaign,2006,0,1,3871,POINT (-88.233516993508 40.1054138733446)
A-Injury,Turning,Clear,Daylight,Dry,Traffic Signal,Champaign,2002,0,4,110,POINT (-88.2769570957819 40.1274234623449)
A-Injury,Overturned,Clear,Daylight,Dry,Lane Use Marking,Thomasboro,2002,0,1,111,POINT (-88.181955491296 40.2548252347284)
A-Injury,Fixed object,Clear,Daylight,Dry,No Controls,Unincorporated,2002,0,1,112,POINT (-88.2036749025419 40.2233468986994)
A-Injury,Turning,Clear,Daylight,Dry,No Controls,Urbana,2002,0,1,113,POINT (-88.2210900052937 40.1164327065274)
A-Injury,Pedestrian,Clear,Daylight,Dry,No Controls,Champaign,2002,0,1,114,POINT (-88.2712736435792 40.1127988314314)
A-Injury,Pedestrian,Clear,Daylight,Dry,Lane Use Marking,Unincorporated,2002,0,1,115,POINT (-88.2991353182762 40.113071373164)
A-Injury,Angle,Clear,Daylight,Dry,Stop Sign/Flasher,Champaign,2002,0,2,116,POINT (-88.276998901843 40.1309486468119)
A-Injury,Fixed object,Clear,Daylight,Dry,Lane Use Marking,Unincorporated,2001,0,2,238,POINT (-88.3037083622921 39.9965819877878)
A-Injury,Overturned,Clear,Daylight,Dry,Lane Use Marking,Unincorporated,2001,0,1,239,POINT (-88.3036197560784 39.9864353841354)
A-Injury,Angle,Clear,Daylight,Dry,No Controls,Unincorporated,2001,0,1,240,POINT (-88.0959379234413 40.1207264306448)
A-Injury,Turning,Clear,Darkness,Dry,School Zone,Champaign,2001,0,4,241,POINT (-88.2437174149009 40.1359892856108)
A-Injury,Angle,Clear,Daylight,Dry,Lane Use Marking,Pesotum,2000,0,1,369,POINT (-88.2826651163257 39.9036372133442)
A-Injury,Fixed object,Clear,Darkness,Dry,No Controls,Unincorporated,1999,0,1,439,GEOMETRYCOLLECTION EMPTY
A-Injury,Rear end,Clear,"Darkness, lighted road",Dry,No Controls,Champaign,1999,0,2,468,POINT (-88.2389254670918 40.1343236259909)
A-Injury,Turning,Clear,Daylight,Dry,Traffic Signal,Champaign,2004,0,1,516,POINT (-88.2860458398548 40.1129354097116)
A-Injury,Rear end,Clear,Daylight,Dry,No Controls,Champaign,2005,0,1,564,POINT (-88.2762267014576 40.0982483564733)
A-Injury,Turning,Clear,Dawn,Dry,Traffic Signal,Rantoul,2013,0,2,2246,POINT (-88.200617016421 40.3116096495647)
A-Injury,Pedestrian,Clear,Daylight,Dry,Traffic Signal,Urbana,2005,0,1,712,POINT (-88.2239613691299 40.1127749752943)
A-Injury,Angle,Clear,Daylight,Dry,Stop Sign/Flasher,Champaign,2005,0,2,761,POINT (-88.2799591333026 40.1061469442633)
A-Injury,Overturned,Clear,Daylight,Dry,No Controls,Unincorporated,2006,0,1,809,POINT (-87.9605117301135 40.1891499076683)
A-Injury,Turning,Clear,Daylight,Dry,Traffic Signal,Urbana,2006,0,2,857,POINT (-88.1947507584393 40.1354612866267)
A-Injury,Rear end,Rain,"Darkness, lighted road",Wet,Traffic Signal,Champaign,2006,0,2,908,POINT (-88.2581109861752 40.1380122506909)
A-Injury,Pedestrian,Clear,Daylight,Ice,No Controls,Urbana,2008,0,1,1248,POINT (-88.2284266289458 40.1103735713161)
A-Injury,Angle,Clear,Darkness,Dry,Stop Sign/Flasher,Unincorporated,2002,0,2,166,POINT (-88.1605868373514 39.9090642836262)
A-Injury,Sideswipe Opposite Direction,Clear,Daylight,Dry,Lane Use Marking,Unincorporated,2002,0,2,167,POINT (-88.3938435123057 40.2307320127313)
A-Injury,Rear end,Clear,"Darkness, lighted road",Dry,No Controls,Champaign,2002,0,1,168,POINT (-88.2799323023457 40.1428151744784)
A-Injury,Overturned,Clear,Daylight,Dry,Lane Use Marking,Unincorporated,2002,0,2,169,POINT (-88.0959379234413 40.1207264306448)
A-Injury,Overturned,Clear,Darkness,Dry,Lane Use Marking,Unincorporated,2002,0,1,170,POINT (-88.3062706640381 40.1652651913746)
A-Injury,Angle,Clear,Daylight,Ice,Stop Sign/Flasher,Unincorporated,2002,0,2,171,POINT (-88.0588891577612 40.3126339380106)
A-Injury,Overturned,Clear,Dawn,Dry,Lane Use Marking,Unincorporated,2002,0,3,172,POINT (-88.3035368529167 39.9784667573287)
A-Injury,Overturned,Clear,Daylight,Dry,Lane Use Marking,Unincorporated,2002,0,2,173,POINT (-88.2111478022795 40.1351170369319)